index,name,x,y,total_roughness,n_notes
0,Rnd_1,3.466879,-16.064779,489.870207,10
1,Rnd_2,9.793592,-12.069523,404.020596,9
2,Rnd_3,-17.207129,-7.876321,225.585056,7
3,Rnd_4,4.219403,-17.711270,668.108047,12
4,Rnd_5,7.860242,-0.150034,285.767829,8
5,Rnd_6,-17.294903,-2.016099,213.861855,7
6,Rnd_7,15.885685,1.917905,230.051835,7
7,Rnd_8,7.775248,-22.087923,645.592367,11
8,Rnd_9,-4.157628,-21.057357,515.543224,10
9,Rnd_10,5.349716,-13.791708,474.609535,10
10,Rnd_11,8.489343,-14.704877,649.843441,12
11,Rnd_12,-21.073838,6.233788,103.870448,5
12,Rnd_13,11.665329,8.874976,152.008586,6
13,Rnd_14,4.993155,-17.102256,669.020976,12
14,Rnd_15,-25.406609,7.055758,76.062674,4
15,Rnd_16,18.600614,1.967854,281.176036,8
16,Rnd_17,-12.428580,32.937244,33.000260,3
17,Rnd_18,13.633482,-5.384830,309.118811,8
18,Rnd_19,0.934750,-3.921365,260.718069,8
19,Rnd_20,15.601167,-12.718228,420.982699,9
20,Rnd_21,-1.496055,-13.033599,387.465354,9
21,Rnd_22,3.962916,-16.475268,568.063967,11
22,Rnd_23,2.228346,-19.856683,596.032124,11
23,Rnd_24,-22.412393,17.064366,66.404593,4
24,Rnd_25,-26.252154,14.882874,70.046988,4
25,Rnd_26,13.722604,22.606811,106.296885,5
26,Rnd_27,4.295033,-16.845172,494.531083,10
27,Rnd_28,14.325376,-9.582608,471.270390,10
28,Rnd_29,2.818189,-16.639668,573.545999,11
29,Rnd_30,3.202740,-14.196502,550.783964,11
30,Rnd_31,-21.718624,-0.414429,120.898126,5
31,Rnd_32,4.316194,-2.929617,275.676830,8
32,Rnd_33,-23.295809,10.049924,79.608489,4
33,Rnd_34,4.871608,-8.774428,368.064779,9
34,Rnd_35,3.884043,-14.254196,554.101137,11
35,Rnd_36,-4.875942,6.063883,145.446412,6
36,Rnd_37,-8.801432,5.318946,152.378430,6
37,Rnd_38,3.634405,-14.446578,635.773162,12
38,Rnd_39,3.089841,-13.597975,543.020781,11
39,Rnd_40,-11.999958,32.699211,28.684975,3
40,Rnd_41,7.911074,-8.492283,372.474233,9
41,Rnd_42,-7.598559,-13.077944,379.205225,9
42,Rnd_43,-5.786567,-1.523011,264.922273,8
43,Rnd_44,6.710116,32.516526,38.023186,3
44,Rnd_45,9.772458,-11.462680,477.681102,10
45,Rnd_46,-26.393493,7.841154,74.332643,4
46,Rnd_47,15.231362,20.753207,143.296679,6
47,Rnd_48,10.475347,27.109616,64.912115,4
48,Rnd_49,-3.850268,7.899574,136.753097,6
49,Rnd_50,1.765093,-0.518420,265.838212,8
50,Rnd_51,5.725219,-16.618414,584.701052,11
51,Rnd_52,-3.139224,-6.355280,293.009551,8
52,Rnd_53,5.487446,30.510578,40.120038,3
53,Rnd_54,-12.640229,35.193389,11.026751,2
54,Rnd_55,-11.905880,6.584220,105.816871,5
55,Rnd_56,6.404692,-19.631075,706.270596,12
56,Rnd_57,-21.314917,10.294244,73.153646,4
57,Rnd_58,14.249776,11.129903,203.634193,7
58,Rnd_59,8.599670,-15.312886,424.310174,9
59,Rnd_60,5.079499,-13.655831,627.355047,12
60,Rnd_61,-2.807063,30.390730,58.250769,4
61,Rnd_62,5.263830,-12.057313,460.486138,10
62,Rnd_63,3.087565,-5.565628,338.652903,9
63,Rnd_64,3.440611,-17.622895,661.775279,12
64,Rnd_65,2.091645,-7.144813,352.173383,9
65,Rnd_66,-7.440464,-13.991563,316.054255,8
66,Rnd_67,7.789454,-21.955013,738.893254,12
67,Rnd_68,-2.970939,33.746196,26.661363,3
68,Rnd_69,6.003125,-22.214945,731.806331,12
69,Rnd_70,12.096168,6.399905,162.460579,6
70,Rnd_71,-19.857888,19.059424,63.750948,4
71,Rnd_72,3.412172,-13.865592,542.452245,11
72,Rnd_73,3.889754,-13.304553,540.811959,11
73,Rnd_74,18.923739,15.657579,118.935402,5
74,Rnd_75,-6.532095,-0.423325,206.422891,7
75,Rnd_76,4.861108,-0.165806,217.498525,7
76,Rnd_77,-15.857030,32.050267,13.520008,2
77,Rnd_78,-17.370937,31.997205,13.235979,2
78,Rnd_79,15.011107,-10.947506,403.119781,9
79,Rnd_80,-5.158002,-2.018783,166.046903,6
80,Rnd_81,-5.104350,-19.043002,420.616378,9
81,Rnd_82,-3.893313,31.295251,35.738048,3
82,Rnd_83,2.403586,-14.542586,628.010508,12
83,Rnd_84,-11.849610,30.558985,25.912049,3
84,Rnd_85,1.961249,-4.874520,275.846274,8
85,Rnd_86,2.227210,-3.935972,324.472168,9
86,Rnd_87,-7.626958,21.474677,91.637363,5
87,Rnd_88,5.002827,31.231755,62.695669,4
88,Rnd_89,16.945298,7.589780,215.261931,7
89,Rnd_90,2.429800,-4.977426,338.811657,9
90,Rnd_91,4.775436,-13.372055,473.642554,10
91,Rnd_92,17.179522,15.011189,110.438128,5
92,Rnd_93,4.553974,-16.078050,565.772250,11
93,Rnd_94,2.724083,-5.789044,280.444257,8
94,Rnd_95,-9.727151,22.224641,53.165049,4
95,Rnd_96,-0.967481,-10.651576,305.342055,8
96,Rnd_97,-9.727708,28.813532,30.641510,3
97,Rnd_98,7.851349,13.402273,144.998021,6
98,Rnd_99,-7.132682,31.453796,28.754397,3
99,Rnd_100,5.391407,-18.855273,594.903533,11
100,Rnd_101,8.209063,-17.416757,513.304127,10
101,Rnd_102,-12.729784,19.648080,55.608002,4
102,Rnd_103,-15.496197,-9.857917,181.394242,6
103,Rnd_104,-19.369188,24.121446,60.845974,4
104,Rnd_105,-22.071319,-3.753335,124.747579,5
105,Rnd_106,2.776694,-4.064812,330.822205,9
106,Rnd_107,8.761974,-13.610156,405.332774,9
107,Rnd_108,-5.487310,-1.270544,206.393535,7
108,Rnd_109,4.492050,-15.234881,484.341332,10
109,Rnd_110,5.841189,-18.594209,600.941100,11
110,Rnd_111,8.310842,-20.994920,638.622732,11
111,Rnd_112,-6.822744,15.173585,114.630775,5
112,Rnd_113,-3.245966,-3.792044,272.683578,8
113,Rnd_114,16.295492,18.348262,106.336537,5
114,Rnd_115,7.957007,-20.757927,720.975445,12
115,Rnd_116,-12.470953,26.403096,55.433955,4
116,Rnd_117,7.828880,0.906565,278.279394,8
117,Rnd_118,-20.347674,9.654026,106.398729,5
118,Rnd_119,-7.645463,35.308297,13.410841,2
119,Rnd_120,16.544907,-10.150683,484.296047,10
120,Rnd_121,9.986740,23.904684,65.766582,4
121,Rnd_122,-4.159953,17.465454,86.748144,5
122,Rnd_123,-2.307249,-3.683927,280.692491,8
123,Rnd_124,2.948253,-12.109226,388.167184,9
124,Rnd_125,-22.276608,20.270236,87.564120,5
125,Rnd_126,-1.035919,8.250234,130.510580,6
126,Rnd_127,15.718348,11.905870,151.630232,6
127,Rnd_128,0.596346,-7.694563,291.811055,8
128,Rnd_129,2.921098,-15.357350,557.976923,11
129,Rnd_130,-7.687722,7.117409,146.533589,6
130,Rnd_131,6.022041,-14.635948,482.864223,10
131,Rnd_132,-5.019372,-7.996969,229.905927,7
132,Rnd_133,7.688201,-16.941207,675.335158,12
133,Rnd_134,9.509274,-19.851304,709.399304,12
134,Rnd_135,-4.750953,32.419649,27.237627,3
135,Rnd_136,7.791890,-16.152452,586.431449,11
136,Rnd_137,9.452633,2.554247,207.524118,7
137,Rnd_138,-5.427599,35.517255,13.486620,2
138,Rnd_139,-4.929870,23.714210,53.015713,4
139,Rnd_140,1.987287,-0.459830,272.591134,8
140,Rnd_141,-4.472185,33.570591,35.805207,3
141,Rnd_142,-24.191236,21.488781,39.247377,3
142,Rnd_143,-19.811854,25.568030,38.749360,3
143,Rnd_144,1.559914,-11.307262,379.538557,9
144,Rnd_145,-7.802755,35.040888,10.292793,2
145,Rnd_146,4.313485,-12.921472,543.982158,11
146,Rnd_147,8.264540,-4.889932,187.750120,6
147,Rnd_148,-16.926690,3.371700,151.931304,6
148,Rnd_149,12.086418,2.089460,174.876301,6
149,Rnd_150,-13.674205,-2.570756,210.516770,7
150,Rnd_151,5.867079,-6.462484,292.974423,8
151,Rnd_152,9.176698,-12.436697,554.118866,11
152,Rnd_153,-18.703229,6.728346,105.453421,5
153,Rnd_154,-2.252797,-8.072540,417.944091,10
154,Rnd_155,-1.369492,-6.692239,346.407745,9
155,Rnd_156,-1.182719,-2.926743,211.075622,7
156,Rnd_157,0.707281,-18.508978,673.010127,12
157,Rnd_158,-7.563772,31.999848,27.597588,3
158,Rnd_159,-19.705047,13.015191,98.118287,5
159,Rnd_160,1.601607,-18.141010,663.683917,12
160,Rnd_161,6.921271,-14.821711,649.520933,12
161,Rnd_162,-22.093554,23.458046,35.339924,3
162,Rnd_163,-1.573450,9.535333,136.310484,6
163,Rnd_164,0.116394,12.435537,108.019313,5
164,Rnd_165,-8.743123,-9.890693,290.743671,8
165,Rnd_166,5.971300,-13.907569,634.910659,12
166,Rnd_167,-14.253541,33.424327,8.845616,2
167,Rnd_168,-0.549508,-1.659734,252.287695,8
168,Rnd_169,4.581454,-8.505265,431.645972,10
169,Rnd_170,-1.391000,-6.338397,338.572001,9
170,Rnd_171,3.506007,-11.601051,449.165341,10
171,Rnd_172,0.402324,-8.969047,427.520947,10
172,Rnd_173,-9.506077,-3.066744,214.092747,7
173,Rnd_174,3.864962,-12.678369,535.359766,11
174,Rnd_175,-0.022100,-14.052600,461.159703,10
175,Rnd_176,9.942757,-14.299495,574.958814,11
176,Rnd_177,4.785270,-17.746656,675.404505,12
177,Rnd_178,5.646954,-19.706779,696.374213,12
178,Rnd_179,-4.627161,27.464314,57.133903,4
179,Rnd_180,-9.257102,34.866516,9.763999,2
180,Rnd_181,0.210218,0.443131,195.644479,7
181,Rnd_182,18.701182,14.847219,118.125663,5
182,Rnd_183,7.669629,-11.733256,543.249639,11
183,Rnd_184,8.207859,17.194049,102.722179,5
184,Rnd_185,5.781341,-20.287299,709.196303,12
185,Rnd_186,2.860161,-4.450054,276.862986,8
186,Rnd_187,-4.013373,-11.478339,444.458142,10
187,Rnd_188,-16.127689,-5.810006,216.896546,7
188,Rnd_189,10.079217,-14.052578,645.963549,12
189,Rnd_190,2.017072,-2.658911,263.937617,8
190,Rnd_191,-15.112351,29.450478,34.668164,3
191,Rnd_192,6.660374,24.640381,67.913782,4
192,Rnd_193,12.560517,18.346261,78.399414,4
193,Rnd_194,-4.259933,-8.672126,358.549471,9
194,Rnd_195,14.372986,12.130465,157.849649,6
195,Rnd_196,8.803280,-16.130690,665.278621,12
196,Rnd_197,8.225835,-14.803456,487.563578,10
197,Rnd_198,3.471976,-15.291914,477.114712,10
198,Rnd_199,-3.057085,3.892887,185.291552,7
199,Rnd_200,-5.294792,25.871665,63.012543,4
200,Rnd_201,-13.534134,30.983742,26.504073,3
201,Rnd_202,-23.027880,20.299807,62.522869,4
202,Rnd_203,-4.129269,26.842125,61.625425,4
203,Rnd_204,4.350487,8.409381,148.683605,6
204,Rnd_205,1.447245,26.625930,59.333658,4
205,Rnd_206,1.958718,-12.989398,456.317282,10
206,Rnd_207,-9.034339,25.124291,60.652879,4
207,Rnd_208,4.211860,-18.778178,678.578433,12
208,Rnd_209,11.742994,7.993792,161.454239,6
209,Rnd_210,1.879917,-10.223703,370.919158,9
210,Rnd_211,-12.221440,34.058141,9.375702,2
211,Rnd_212,-21.853783,23.673251,35.056207,3
212,Rnd_213,-6.366775,31.331035,28.350089,3
213,Rnd_214,2.899252,-12.903318,457.276122,10
214,Rnd_215,4.028759,-19.875637,695.587175,12
215,Rnd_216,-23.668283,14.019374,101.180498,5
216,Rnd_217,-23.034339,4.612459,105.802155,5
217,Rnd_218,2.394914,-16.869821,488.498464,10
218,Rnd_219,-11.706534,-18.250790,576.494307,11
219,Rnd_220,0.524128,-11.363517,441.531794,10
220,Rnd_221,-7.590954,-6.486941,228.798212,7
221,Rnd_222,-1.345410,-15.348668,559.169856,11
222,Rnd_223,8.150047,-14.447500,484.624010,10
223,Rnd_224,-13.384847,34.497604,6.925073,2
224,Rnd_225,-5.870711,0.597414,211.341524,7
225,Rnd_226,7.093384,-0.750391,279.513015,8
226,Rnd_227,3.969302,-17.102410,661.724838,12
227,Rnd_228,-15.257229,27.263052,28.783178,3
228,Rnd_229,6.101583,28.480350,60.326345,4
229,Rnd_230,1.443489,13.212282,136.704767,6
230,Rnd_231,-5.131101,0.310454,200.043704,7
231,Rnd_232,3.629693,-12.734827,394.168737,9
232,Rnd_233,8.177154,14.798478,108.168772,5
233,Rnd_234,17.276701,3.935978,180.753440,6
234,Rnd_235,-11.555353,35.336749,6.375834,2
235,Rnd_236,-11.059121,29.851080,26.184249,3
236,Rnd_237,5.361355,-20.392793,702.489597,12
237,Rnd_238,-1.075885,33.501744,35.671154,3
238,Rnd_239,-16.183739,29.502873,55.652523,4
239,Rnd_240,5.865410,-18.443350,681.480665,12
240,Rnd_241,5.949564,-17.065491,672.652064,12
241,Rnd_242,6.193787,-19.435008,694.953590,12
242,Rnd_243,7.633440,-11.185159,627.400118,12
243,Rnd_244,-7.265922,36.152227,12.501567,2
244,Rnd_245,2.002334,-12.111107,383.044357,9
245,Rnd_246,-2.896406,1.075927,159.225881,6
246,Rnd_247,0.591832,-10.794211,439.449791,10
247,Rnd_248,0.035528,-18.305773,502.365641,10
248,Rnd_249,-19.813026,15.436013,126.630045,6
249,Rnd_250,6.512370,19.094726,151.628981,6
250,Rnd_251,-8.691411,5.926134,141.785216,6
251,Rnd_252,-14.282698,29.528233,32.405850,3
252,Rnd_253,-0.622953,32.595858,37.488621,3
253,Rnd_254,4.352153,-13.405577,464.112975,10
254,Rnd_255,5.480743,-16.797682,665.343552,12
255,Rnd_256,-8.870178,19.835871,86.772796,5
256,Rnd_257,3.592803,-19.198446,685.432297,12
257,Rnd_258,-11.969422,33.681659,13.286725,2
258,Rnd_259,9.631074,6.366588,159.563505,6
259,Rnd_260,21.928404,11.313880,178.149858,6
260,Rnd_261,4.359113,-12.340250,542.833896,11
261,Rnd_262,18.925223,11.438270,224.423385,7
262,Rnd_263,8.044749,-16.369141,426.459525,9
263,Rnd_264,-1.111999,-16.012863,645.951791,12
264,Rnd_265,-13.941335,18.515307,91.316650,5
265,Rnd_266,5.998048,-12.917051,538.487448,11
266,Rnd_267,5.227851,-13.335762,628.161358,12
267,Rnd_268,-15.102139,20.940684,58.330476,4
268,Rnd_269,12.330626,-4.233884,297.982138,8
269,Rnd_270,-19.792528,18.182877,59.398564,4
270,Rnd_271,12.357759,15.532015,110.520735,5
271,Rnd_272,-1.349419,-12.624195,452.059284,10
272,Rnd_273,7.116177,-19.570525,698.656783,12
273,Rnd_274,-9.830662,-8.340351,285.900119,8
274,Rnd_275,-3.340563,33.083888,28.196010,3
275,Rnd_276,1.187015,0.532972,207.809559,7
276,Rnd_277,-0.498437,-7.097960,349.955109,9
277,Rnd_278,3.109299,-13.937870,469.907822,10
278,Rnd_279,6.113631,-19.889062,700.611147,12
279,Rnd_280,7.070358,-12.053135,631.078033,12
280,Rnd_281,1.553831,-3.889851,272.546599,8
281,Rnd_282,-12.387657,13.433015,97.742310,5
282,Rnd_283,5.878983,-14.778059,560.676059,11
283,Rnd_284,-1.222153,2.828467,195.206752,7
284,Rnd_285,5.500713,-17.412501,428.397894,9
285,Rnd_286,2.249024,-14.735196,471.284298,10
286,Rnd_287,-17.828861,13.195633,94.497410,5
287,Rnd_288,13.253869,23.855518,105.617915,5
288,Rnd_289,-15.909980,-10.219183,184.147060,6
289,Rnd_290,7.437780,-21.818588,637.417837,11
290,Rnd_291,4.216330,-8.661280,300.396550,8
291,Rnd_292,-24.685062,4.790681,150.435537,6
292,Rnd_293,-7.968236,36.172161,12.234874,2
293,Rnd_294,6.256053,-16.390572,578.133509,11
294,Rnd_295,-0.365710,-14.597770,468.173051,10
295,Rnd_296,2.910867,-8.860446,302.983251,8
296,Rnd_297,-15.795551,33.665446,11.743872,2
297,Rnd_298,16.962732,19.096744,108.812922,5
298,Rnd_299,0.693926,26.040291,56.312431,4
299,Rnd_300,-16.289093,-8.715673,237.588194,7
300,Rnd_301,-16.628773,17.453128,61.767415,4
301,Rnd_302,-11.041063,0.896651,157.520447,6
302,Rnd_303,-13.937559,32.076954,33.096616,3
303,Rnd_304,0.610085,-6.328698,277.815283,8
304,Rnd_305,-13.127598,22.647056,50.348364,4
305,Rnd_306,2.768588,-17.941660,499.331230,10
306,Rnd_307,-8.568604,-5.135369,272.230463,8
307,Rnd_308,-4.238771,23.124170,64.078220,4
308,Rnd_309,-8.232010,0.873910,210.423541,7
309,Rnd_310,-0.676850,-0.849815,199.017886,7
310,Rnd_311,4.215849,-14.945929,559.943780,11
311,Rnd_312,-24.451471,7.658320,75.159765,4
312,Rnd_313,3.741770,-10.646086,443.617428,10
313,Rnd_314,9.096799,-5.050126,362.669390,9
314,Rnd_315,7.313667,21.497305,97.300138,5
315,Rnd_316,1.827873,-11.529206,515.797109,11
316,Rnd_317,3.099789,-14.070800,475.393292,10
317,Rnd_318,7.242278,-18.631982,695.095204,12
318,Rnd_319,-4.124140,0.024372,208.436477,7
319,Rnd_320,2.737773,-14.261848,557.822200,11
320,Rnd_321,10.573869,5.067177,165.751983,6
321,Rnd_322,5.406802,-16.291082,661.904781,12
322,Rnd_323,0.753244,-18.403764,675.398282,12
323,Rnd_324,8.222380,20.247018,102.787388,5
324,Rnd_325,-9.996104,35.480931,7.380753,2
325,Rnd_326,-3.630563,-2.848298,281.555939,8
326,Rnd_327,18.006666,-2.601112,303.085653,8
327,Rnd_328,-10.453021,-11.755091,186.106786,6
328,Rnd_329,-15.089692,33.434116,12.784310,2
329,Rnd_330,2.099661,29.934842,64.408900,4
330,Rnd_331,4.368937,-14.724542,405.079037,9
331,Rnd_332,-4.964552,32.033392,38.147526,3
332,Rnd_333,-10.730295,26.074934,65.646915,4
333,Rnd_334,-11.434302,-2.899516,217.387673,7
334,Rnd_335,-8.642010,-12.611202,370.963771,9
335,Rnd_336,-5.795978,9.001370,108.138811,5
336,Rnd_337,-9.277840,-6.335060,227.486265,7
337,Rnd_338,-19.241845,-8.229177,178.773514,6
338,Rnd_339,-7.382531,-3.664803,166.788361,6
339,Rnd_340,3.952609,-20.515963,528.917018,10
340,Rnd_341,4.022935,-9.016841,439.025680,10
341,Rnd_342,5.388130,-13.355149,551.361440,11
342,Rnd_343,6.425319,-16.674797,667.876775,12
343,Rnd_344,1.118652,-5.006462,271.008110,8
344,Rnd_345,-4.310884,0.755423,202.882329,7
345,Rnd_346,6.423767,-16.075860,656.291647,12
346,Rnd_347,-26.163077,17.576635,80.198942,4
347,Rnd_348,-6.578474,16.622260,140.078367,6
348,Rnd_349,-3.986256,13.218660,135.151356,6
349,Rnd_350,3.733026,4.788231,154.452090,6
350,Rnd_351,-0.426253,0.823103,241.770078,8
351,Rnd_352,-8.825116,-0.049754,215.903049,7
352,Rnd_353,15.646490,7.462440,168.945184,6
353,Rnd_354,-11.262444,33.918009,10.954097,2
354,Rnd_355,2.777055,-9.239982,429.981667,10
355,Rnd_356,-0.607018,-3.933854,269.122468,8
356,Rnd_357,2.711184,-17.540858,580.268942,11
357,Rnd_358,9.948596,-14.348132,660.233468,12
358,Rnd_359,15.482361,18.853418,111.173979,5
359,Rnd_360,-19.585967,27.556210,35.199449,3
360,Rnd_361,13.417060,11.669909,153.350644,6
361,Rnd_362,5.561151,-21.349847,718.859753,12
362,Rnd_363,9.860068,-13.039186,484.375542,10
363,Rnd_364,-22.309975,16.447336,92.700466,5
364,Rnd_365,9.261657,-17.797557,605.503453,11
365,Rnd_366,4.816629,-1.560311,222.615610,7
366,Rnd_367,5.410803,2.126454,213.198095,7
367,Rnd_368,2.248726,33.816608,36.168135,3
368,Rnd_369,0.430630,32.477195,34.286185,3
369,Rnd_370,-0.232592,-4.344558,271.373561,8
370,Rnd_371,1.790118,-14.353922,549.959864,11
371,Rnd_372,-6.390045,9.466230,97.634017,5
372,Rnd_373,4.800309,-16.309820,655.143218,12
373,Rnd_374,2.217895,32.979897,33.363714,3
374,Rnd_375,-9.105833,16.002150,94.381339,5
375,Rnd_376,-18.466115,27.925688,31.306377,3
376,Rnd_377,4.921044,31.098365,62.831343,4
377,Rnd_378,5.895585,-18.547270,600.505287,11
378,Rnd_379,2.878707,-7.231970,350.030469,9
379,Rnd_380,1.651561,-13.590418,534.249365,11
380,Rnd_381,-14.578289,8.844975,97.738333,5
381,Rnd_382,3.663210,3.572244,257.481647,8
382,Rnd_383,0.131392,26.496868,64.025241,4
383,Rnd_384,-6.625065,2.886064,157.680263,6
384,Rnd_385,3.678832,-8.928171,295.838285,8
385,Rnd_386,4.259986,-10.713641,379.334533,9
386,Rnd_387,-18.899484,-3.973816,215.839311,7
387,Rnd_388,-8.746438,35.485598,8.170504,2
388,Rnd_389,6.725148,-15.882962,664.543860,12
389,Rnd_390,3.285436,-15.063509,561.034960,11
390,Rnd_391,-9.482686,35.485232,7.742369,2
391,Rnd_392,-8.648131,-8.557219,285.805147,8
392,Rnd_393,2.297804,-13.228698,531.004249,11
393,Rnd_394,15.170760,12.303932,154.007398,6
394,Rnd_395,5.290530,-0.644013,220.496245,7
395,Rnd_396,4.458451,-19.235112,683.297692,12
396,Rnd_397,-2.847675,6.222060,135.562032,6
397,Rnd_398,-2.215655,-1.318315,165.454330,6
398,Rnd_399,5.740903,-13.460500,469.635007,10
399,Rnd_400,-13.086104,34.158147,8.004492,2
400,Rnd_401,17.340434,9.642092,162.713083,6
401,Rnd_402,20.681543,3.250808,238.177922,7
402,Rnd_403,14.658697,-2.374263,351.652234,9
403,Rnd_404,15.455489,25.796868,104.845035,5
404,Rnd_405,-8.627767,-10.891110,301.763550,8
405,Rnd_406,13.068200,24.930585,98.433453,5
406,Rnd_407,2.886446,-18.023707,665.301342,12
407,Rnd_408,14.060354,20.931771,75.575928,4
408,Rnd_409,-0.889797,13.078575,88.658440,5
409,Rnd_410,-3.276345,2.022702,248.355137,8
410,Rnd_411,8.027463,28.068098,98.047231,5
411,Rnd_412,-0.076873,-18.712986,501.980566,10
412,Rnd_413,4.720548,-15.248630,645.294672,12
413,Rnd_414,-0.390493,-15.451868,549.270323,11
414,Rnd_415,7.658949,2.931861,266.825260,8
415,Rnd_416,-27.434433,17.521975,79.959313,4
416,Rnd_417,-22.014505,24.577888,37.969967,3
417,Rnd_418,-18.821120,2.644615,107.224509,5
418,Rnd_419,11.389005,-4.048160,299.865892,8
419,Rnd_420,5.999626,-15.533204,489.057306,10
420,Rnd_421,-1.799538,-13.012329,460.047922,10
421,Rnd_422,-9.956101,8.353045,143.305851,6
422,Rnd_423,-7.905202,-16.271351,465.100130,10
423,Rnd_424,-23.995912,9.376222,79.372829,4
424,Rnd_425,9.707033,28.609857,67.728306,4
425,Rnd_426,-13.021149,23.669920,48.340426,4
426,Rnd_427,-14.905490,28.907835,27.084710,3
427,Rnd_428,3.304418,-0.295548,214.270457,7
428,Rnd_429,-12.993009,21.593378,72.569067,4
429,Rnd_430,-24.241767,8.975801,79.910987,4
430,Rnd_431,9.189519,-2.121462,286.965683,8
431,Rnd_432,2.275276,1.293491,160.969479,6
432,Rnd_433,-13.599514,33.589943,13.325424,2
433,Rnd_434,-12.542290,9.815794,140.386004,6
434,Rnd_435,0.133907,22.574431,98.016469,5
435,Rnd_436,1.658866,-15.525790,635.617485,12
436,Rnd_437,8.126991,13.451304,145.604371,6
437,Rnd_438,-5.208075,-13.779268,384.129025,9
438,Rnd_439,9.278941,-1.355823,347.053146,9
439,Rnd_440,0.396929,-13.905357,546.759433,11
440,Rnd_441,5.083167,-11.408332,320.112814,8
441,Rnd_442,-2.485340,-8.338034,295.748418,8
442,Rnd_443,5.539558,-19.779291,692.210861,12
443,Rnd_444,7.215557,28.924177,61.449023,4
444,Rnd_445,5.117019,-19.920379,697.235753,12
445,Rnd_446,5.531909,-17.415677,674.354744,12
446,Rnd_447,4.913851,17.645260,105.037730,5
447,Rnd_448,-1.139781,-9.441772,357.442694,9
448,Rnd_449,-14.279184,30.429925,50.625839,4
449,Rnd_450,1.202137,-1.329152,207.427533,7
450,Rnd_451,-1.674783,8.593198,158.196039,6
451,Rnd_452,3.285652,-19.464260,599.658490,11
452,Rnd_453,8.641143,-13.715087,560.963203,11
453,Rnd_454,3.680028,28.284921,55.161565,4
454,Rnd_455,-11.034034,-8.568610,183.737184,6
455,Rnd_456,7.673672,-15.275192,574.242284,11
456,Rnd_457,-5.820500,36.193233,12.876864,2
457,Rnd_458,4.592349,-13.643067,548.801112,11
458,Rnd_459,-21.005347,24.221662,38.742741,3
459,Rnd_460,10.906273,29.975168,107.145652,5
460,Rnd_461,-2.226469,-6.864471,289.240046,8
461,Rnd_462,1.111634,-11.735376,377.376309,9
462,Rnd_463,-15.869494,32.351396,27.677303,3
463,Rnd_464,0.473336,20.996690,89.322305,5
464,Rnd_465,4.014742,1.218743,212.876251,7
465,Rnd_466,2.859275,-10.249278,370.471473,9
466,Rnd_467,14.990140,1.637920,295.522031,8
467,Rnd_468,3.313268,-4.281570,343.100710,9
468,Rnd_469,2.484969,-5.342673,279.962452,8
469,Rnd_470,-4.327650,17.359747,88.231606,5
470,Rnd_471,-20.871442,25.464715,65.371652,4
471,Rnd_472,19.732678,7.699095,220.817785,7
472,Rnd_473,-4.089215,-17.951765,346.621139,8
473,Rnd_474,-0.936206,-6.111722,278.760535,8
474,Rnd_475,14.929900,-4.898628,362.907744,9
475,Rnd_476,7.967204,-17.902859,598.940151,11
476,Rnd_477,3.070896,-13.760705,542.312874,11
477,Rnd_478,6.987502,-20.785910,716.276027,12
478,Rnd_479,0.156471,-10.499739,440.450083,10
479,Rnd_480,0.865229,-5.513832,340.145181,9
480,Rnd_481,-2.959721,-1.411510,169.110599,6
481,Rnd_482,-20.124266,-0.169956,119.875329,5
482,Rnd_483,-0.553330,3.645129,200.804498,7
483,Rnd_484,5.179696,-6.600055,353.929855,9
484,Rnd_485,10.820059,20.465150,74.250472,4
485,Rnd_486,17.265305,17.576376,152.820706,6
486,Rnd_487,4.914310,9.320256,153.470640,6
487,Rnd_488,-13.905835,-6.465636,171.884531,6
488,Rnd_489,-0.865433,-8.123253,293.957691,8
489,Rnd_490,18.587123,-1.527088,245.892113,7
490,Rnd_491,-16.992522,4.817535,144.962716,6
491,Rnd_492,-11.208774,-2.608353,218.329549,7
492,Rnd_493,7.626134,26.175378,64.910134,4
493,Rnd_494,6.506729,0.087879,219.360668,7
494,Rnd_495,-7.136385,-3.827498,216.544438,7
495,Rnd_496,0.449503,-7.386730,291.268327,8
496,Rnd_497,2.511647,-14.887896,403.849821,9
497,Rnd_498,2.899644,-17.207714,658.453596,12
498,Rnd_499,16.940948,0.615409,291.065268,8
499,Rnd_500,11.845716,-6.490319,377.097812,9
500,Rnd_501,0.547436,-17.709403,579.728854,11
501,Rnd_502,19.789705,15.092259,163.306805,6
502,Rnd_503,3.237298,-16.771066,570.622891,11
503,Rnd_504,11.673352,-6.504104,437.545401,10
504,Rnd_505,2.735161,-2.925294,220.471277,7
505,Rnd_506,7.524971,-24.142568,762.772907,12
506,Rnd_507,11.812931,26.820358,70.978063,4
507,Rnd_508,8.754304,-15.047086,659.023398,12
508,Rnd_509,5.407850,0.647917,266.715382,8
509,Rnd_510,14.452087,7.781018,159.072774,6
510,Rnd_511,4.254551,-5.262658,289.639242,8
511,Rnd_512,1.004881,6.908234,199.545811,7
512,Rnd_513,14.375396,-7.111663,385.956107,9
513,Rnd_514,16.507439,9.610590,160.476800,6
514,Rnd_515,-15.896582,0.363165,198.191722,7
515,Rnd_516,-3.780995,-10.073073,299.473979,8
516,Rnd_517,-13.875862,32.741670,29.738818,3
517,Rnd_518,-1.403264,-8.046453,233.879472,7
518,Rnd_519,-11.931289,17.900317,95.132093,5
519,Rnd_520,-22.277038,17.933564,64.906227,4
520,Rnd_521,-3.144342,32.806397,24.548120,3
521,Rnd_522,-2.616774,23.001128,54.917965,4
522,Rnd_523,2.358385,31.976419,34.925576,3
523,Rnd_524,-11.797739,0.407361,204.660240,7
524,Rnd_525,4.640909,-7.200400,356.153533,9
525,Rnd_526,-10.125893,7.994987,134.937933,6
526,Rnd_527,14.514444,6.009153,206.954296,7
527,Rnd_528,-2.495378,25.811880,51.744009,4
528,Rnd_529,2.075064,-14.459476,545.620410,11
529,Rnd_530,3.697745,31.876546,35.951076,3
530,Rnd_531,2.119277,-11.050189,518.251497,11
531,Rnd_532,6.476728,-13.113601,631.568573,12
532,Rnd_533,7.542372,4.819071,200.577255,7
533,Rnd_534,-1.082251,-12.422168,384.119582,9
534,Rnd_535,5.710096,-17.153558,668.115522,12
535,Rnd_536,-8.873448,24.844903,45.591357,4
536,Rnd_537,6.297463,21.989102,98.062946,5
537,Rnd_538,-0.688189,25.176740,58.980122,4
538,Rnd_539,-9.855892,-10.503933,298.107658,8
539,Rnd_540,-1.519015,-4.241297,269.015555,8
540,Rnd_541,10.531502,4.886960,165.525968,6
541,Rnd_542,6.189212,-7.038341,301.232050,8
542,Rnd_543,2.152256,-13.509936,390.348747,9
543,Rnd_544,6.749135,-12.994817,547.235779,11
544,Rnd_545,-14.351688,32.762875,10.706040,2
545,Rnd_546,4.286152,-14.950973,640.349304,12
546,Rnd_547,-19.750342,17.101691,99.204779,5
547,Rnd_548,-21.247178,0.684697,117.277270,5
548,Rnd_549,-12.999171,-6.194649,224.475574,7
549,Rnd_550,13.703749,15.043079,151.014462,6
550,Rnd_551,-25.458355,-0.170888,131.685336,5
551,Rnd_552,4.050289,33.607264,36.335494,3
552,Rnd_553,8.516874,-18.955827,608.323525,11
553,Rnd_554,20.732630,8.095276,214.057289,7
554,Rnd_555,6.846978,-14.823784,572.794365,11
555,Rnd_556,13.656848,-5.888539,306.884090,8
556,Rnd_557,2.520271,-12.393988,318.371990,8
557,Rnd_558,7.993681,-15.098010,492.661342,10
558,Rnd_559,-18.282199,27.153591,33.681451,3
559,Rnd_560,-16.742768,-4.364980,224.099089,7
560,Rnd_561,2.327573,-4.874741,338.167479,9
561,Rnd_562,2.638836,-6.077806,410.964039,10
562,Rnd_563,-9.642197,21.632840,55.709125,4
563,Rnd_564,-0.553484,-13.966350,394.079802,9
564,Rnd_565,-2.751168,30.858158,53.659736,4
565,Rnd_566,-10.884145,10.179581,105.184629,5
566,Rnd_567,-0.333345,3.723308,196.813317,7
567,Rnd_568,6.639886,-19.176266,701.625405,12
568,Rnd_569,-15.389295,12.535331,128.366331,6
569,Rnd_570,8.102429,-21.708039,642.339033,11
570,Rnd_571,18.499468,20.605210,116.847461,5
571,Rnd_572,11.998777,2.261854,212.333262,7
572,Rnd_573,2.899777,-5.731404,409.349426,10
573,Rnd_574,2.638412,-13.448266,467.292291,10
574,Rnd_575,-5.184560,33.072384,59.540294,4
575,Rnd_576,3.124839,-4.021911,277.245272,8
576,Rnd_577,1.554270,-8.774693,295.773930,8
577,Rnd_578,4.393084,-5.886414,286.700356,8
578,Rnd_579,-1.978677,-12.190309,529.924530,11
579,Rnd_580,0.172712,-2.686860,260.796601,8
580,Rnd_581,1.233356,-13.672604,465.470107,10
581,Rnd_582,-24.300012,22.972174,37.269195,3
582,Rnd_583,-20.741732,-4.081743,173.147552,6
583,Rnd_584,-16.605222,14.051015,93.385551,5
584,Rnd_585,-0.775218,13.204049,154.355685,6
585,Rnd_586,20.480099,7.875594,220.125492,7
586,Rnd_587,19.913564,16.935951,118.650560,5
587,Rnd_588,-11.978658,31.118047,24.534117,3
588,Rnd_589,12.601540,6.120793,171.253635,6
589,Rnd_590,-14.913314,24.310581,55.073403,4
590,Rnd_591,8.012408,-20.551315,634.598752,11
591,Rnd_592,2.663252,22.420776,94.121466,5
592,Rnd_593,4.547556,-3.539568,222.343762,7
593,Rnd_594,5.346306,-21.173115,715.845802,12
594,Rnd_595,-2.502082,-6.692788,353.149125,9
595,Rnd_596,-15.543593,27.205911,31.675994,3
596,Rnd_597,3.032811,0.497996,265.359319,8
597,Rnd_598,-10.242855,-3.285208,211.486439,7
598,Rnd_599,11.687226,-6.144777,374.214595,9
599,Rnd_600,7.670732,-15.455513,664.055267,12
600,Rnd_601,7.689738,-8.616264,372.676698,9
601,Rnd_602,-4.717460,3.674876,157.980801,6
602,Rnd_603,0.817940,-0.988612,283.862554,8
603,Rnd_604,9.915210,-16.516948,688.723672,12
604,Rnd_605,-6.481870,-15.695581,399.321465,9
605,Rnd_606,-0.185960,-12.482578,451.772095,10
606,Rnd_607,4.299845,-16.824774,573.968368,11
607,Rnd_608,3.078035,31.531769,61.275271,4
608,Rnd_609,4.782080,-18.403125,589.592390,11
609,Rnd_610,1.876703,-7.461025,293.504686,8
610,Rnd_611,7.308002,-13.465173,481.802519,10
611,Rnd_612,-6.301215,23.096708,54.235765,4
612,Rnd_613,-7.475288,-5.196351,224.620193,7
613,Rnd_614,8.008777,25.269709,93.928343,5
614,Rnd_615,10.951522,24.441155,107.388590,5
615,Rnd_616,9.006926,-10.421476,391.120564,9
616,Rnd_617,9.398018,22.002090,69.058143,4
617,Rnd_618,16.700411,20.795559,75.549569,4
618,Rnd_619,8.806454,9.878660,161.523917,6
619,Rnd_620,8.136217,-21.653911,735.049512,12
620,Rnd_621,10.426672,24.355773,105.695449,5
621,Rnd_622,9.265617,3.837744,222.452723,7
622,Rnd_623,-17.263596,26.070805,59.289794,4
623,Rnd_624,8.772857,-22.896326,760.084305,12
624,Rnd_625,8.716039,26.218545,96.626372,5
625,Rnd_626,-0.318086,1.049681,146.669803,6
626,Rnd_627,-21.919943,20.187197,68.784717,4
627,Rnd_628,17.799251,6.064162,223.764964,7
628,Rnd_629,-10.088491,-7.853524,287.031328,8
629,Rnd_630,5.749741,-18.304242,682.400501,12
630,Rnd_631,8.250114,-15.537380,575.195897,11
631,Rnd_632,-1.451562,-3.615043,333.974295,9
632,Rnd_633,-12.692460,-0.586362,159.505044,6
633,Rnd_634,-10.310901,0.959222,210.754555,7
634,Rnd_635,7.395510,-10.556202,391.143298,9
635,Rnd_636,-17.210709,22.780112,52.970338,4
636,Rnd_637,8.349566,1.757393,219.083284,7
637,Rnd_638,7.264665,-9.885880,379.861918,9
638,Rnd_639,-0.031294,-6.349249,339.978592,9
639,Rnd_640,-5.422042,-3.309188,275.004383,8
640,Rnd_641,0.316089,-6.524312,342.546395,9
641,Rnd_642,-19.139605,27.460360,31.725720,3
642,Rnd_643,6.507796,-18.578685,683.012770,12
643,Rnd_644,-1.622565,-8.386311,293.816604,8
644,Rnd_645,6.455601,-20.571926,617.425585,11
645,Rnd_646,-21.603985,6.313728,113.720795,5
646,Rnd_647,-14.685334,18.041119,61.976497,4
647,Rnd_648,-16.677200,21.564931,56.789955,4
648,Rnd_649,-19.947531,-1.014843,157.472446,6
649,Rnd_650,3.307466,-4.839424,337.831395,9
650,Rnd_651,6.791848,-11.654116,466.290532,10
651,Rnd_652,2.098329,-12.550125,457.623708,10
652,Rnd_653,-10.855187,2.046689,202.688674,7
653,Rnd_654,6.532413,1.260204,218.042149,7
654,Rnd_655,-16.319404,28.620879,28.607424,3
655,Rnd_656,2.409786,-5.205241,336.967174,9
656,Rnd_657,3.931412,-9.787428,369.328928,9
657,Rnd_658,1.361991,-3.296521,266.578020,8
658,Rnd_659,4.532217,-13.506609,395.933613,9
659,Rnd_660,-13.514818,-5.429422,172.529568,6
660,Rnd_661,1.923448,-12.777472,610.945536,12
661,Rnd_662,-18.846418,10.867263,95.846144,5
662,Rnd_663,13.799015,2.375620,173.147634,6
663,Rnd_664,0.882383,17.044979,100.071546,5
664,Rnd_665,7.390308,3.327982,266.911223,8
665,Rnd_666,7.396821,-16.732478,587.282060,11
666,Rnd_667,3.366268,-12.679205,459.258972,10
667,Rnd_668,-15.013552,23.393584,53.270745,4
668,Rnd_669,0.175644,-18.551310,577.222972,11
669,Rnd_670,4.263310,-11.335298,454.625791,10
670,Rnd_671,5.271611,-2.327464,280.116802,8
671,Rnd_672,12.130297,16.579749,106.144943,5
672,Rnd_673,2.212327,-19.679102,598.426355,11
673,Rnd_674,-1.008040,-16.416334,479.499814,10
674,Rnd_675,16.892950,-4.175474,365.719786,9
675,Rnd_676,-7.460009,2.041312,152.584700,6
676,Rnd_677,9.045216,-16.877423,682.366800,12
677,Rnd_678,7.249967,-13.732833,474.507792,10
678,Rnd_679,13.335074,16.164448,107.194453,5
679,Rnd_680,-11.699771,4.004272,161.425117,6
680,Rnd_681,4.761074,-15.188348,560.960933,11
681,Rnd_682,13.664134,-0.600421,236.432801,7
682,Rnd_683,15.392622,29.179950,117.486048,5
683,Rnd_684,16.222072,12.357280,211.892425,7
684,Rnd_685,-7.111232,-10.764069,300.482323,8
685,Rnd_686,-12.711858,6.830749,145.807710,6
686,Rnd_687,5.602337,-12.971534,542.400177,11
687,Rnd_688,1.546497,-12.937373,532.032963,11
688,Rnd_689,-7.911862,-17.625529,560.651722,11
689,Rnd_690,-10.981969,-4.229535,209.403479,7
690,Rnd_691,2.366221,-8.987454,365.953693,9
691,Rnd_692,5.163687,25.280351,90.639573,5
692,Rnd_693,-9.289040,33.313417,33.374405,3
693,Rnd_694,11.917139,4.828645,214.261281,7
694,Rnd_695,5.419755,-12.656011,394.655998,9
695,Rnd_696,5.263987,-17.559000,505.180721,10
696,Rnd_697,-17.830480,10.919804,138.354820,6
697,Rnd_698,-10.440939,-12.738981,241.044389,7
698,Rnd_699,-10.831895,5.223172,149.030797,6
699,Rnd_700,2.872389,31.951501,39.265383,3
700,Rnd_701,-2.961981,-14.977263,538.054301,11
701,Rnd_702,1.552210,-16.696567,490.883642,10
702,Rnd_703,7.280842,-0.575355,225.414048,7
703,Rnd_704,5.145598,-18.219331,675.792709,12
704,Rnd_705,7.580057,-7.783370,368.401913,9
705,Rnd_706,2.037772,-6.716815,406.760716,10
706,Rnd_707,-22.397257,24.865669,36.438951,3
707,Rnd_708,2.692210,-4.038630,273.027204,8
708,Rnd_709,-16.576878,3.839149,109.959627,5
709,Rnd_710,-19.388361,27.145190,27.873459,3
710,Rnd_711,7.181369,0.473582,219.230858,7
711,Rnd_712,4.172105,-17.642665,671.852785,12
712,Rnd_713,10.846536,8.594117,201.263905,7
713,Rnd_714,1.853972,-17.875430,424.546639,9
714,Rnd_715,12.948466,-0.383545,229.879465,7
715,Rnd_716,6.521860,-17.919287,680.291440,12
716,Rnd_717,6.239455,-15.457998,651.679112,12
717,Rnd_718,4.692246,-15.502009,648.431918,12
718,Rnd_719,-8.954209,-13.335275,373.962878,9
719,Rnd_720,1.457034,26.941100,53.862909,4
720,Rnd_721,2.040624,-8.702474,295.340291,8
721,Rnd_722,8.011587,-12.210318,475.814441,10
722,Rnd_723,2.950577,-5.305918,343.992436,9
723,Rnd_724,-3.592212,9.068634,143.986506,6
724,Rnd_725,7.584609,-18.825669,696.379597,12
725,Rnd_726,16.674771,17.924217,118.362884,5
726,Rnd_727,6.682996,-18.290570,602.098560,11
727,Rnd_728,-12.671855,-3.235519,217.628159,7
728,Rnd_729,4.668468,-9.118330,509.262261,11
729,Rnd_730,-6.801973,-8.479547,236.843875,7
730,Rnd_731,1.340449,-15.151675,638.822580,12
731,Rnd_732,-20.489601,21.747450,58.900508,4
732,Rnd_733,6.832413,-15.595867,570.129867,11
733,Rnd_734,18.520712,12.087187,163.741788,6
734,Rnd_735,1.993036,-10.630331,373.827283,9
735,Rnd_736,20.660316,12.429299,163.063799,6
736,Rnd_737,7.980045,-16.312430,587.910229,11
737,Rnd_738,-9.712688,18.223049,84.027519,5
738,Rnd_739,2.303455,18.244490,99.875939,5
739,Rnd_740,-9.210753,5.625855,143.906190,6
740,Rnd_741,14.396090,1.492723,284.192046,8
741,Rnd_742,-0.764207,-17.534542,663.177434,12
742,Rnd_743,-16.013393,-8.290894,335.438780,9
743,Rnd_744,6.992198,-15.780640,662.911314,12
744,Rnd_745,3.566207,-10.117990,444.234093,10
745,Rnd_746,-17.943990,27.997712,27.699050,3
746,Rnd_747,-17.999787,-2.080117,161.688861,6
747,Rnd_748,7.286708,2.065239,266.451978,8
748,Rnd_749,0.463484,-5.815884,330.669439,9
749,Rnd_750,-13.224483,-8.310558,237.833559,7
750,Rnd_751,19.061653,3.611903,182.748484,6
751,Rnd_752,-21.700923,21.572582,59.877239,4
752,Rnd_753,-20.765387,-0.360371,165.021177,6
753,Rnd_754,4.423825,-12.648598,391.423210,9
754,Rnd_755,3.510303,-12.361429,455.817528,10
755,Rnd_756,6.027747,-13.954437,634.826821,12
756,Rnd_757,2.296642,-7.820552,292.268741,8
757,Rnd_758,7.010794,-19.887935,704.497134,12
758,Rnd_759,4.102614,-9.432583,370.953418,9
759,Rnd_760,7.442186,-0.948072,344.592117,9
760,Rnd_761,2.358914,-3.182736,328.052174,9
761,Rnd_762,-7.052068,27.364940,51.966259,4
762,Rnd_763,-6.821931,31.492665,27.514781,3
763,Rnd_764,5.883152,-9.497129,373.373321,9
764,Rnd_765,2.221932,0.429244,213.469340,7
765,Rnd_766,3.563590,-15.490725,564.672157,11
766,Rnd_767,3.407780,32.313498,98.149983,5
767,Rnd_768,-14.876711,29.380941,26.231212,3
768,Rnd_769,-27.140892,18.189518,104.487666,5
769,Rnd_770,-19.205411,-6.100736,172.416179,6
770,Rnd_771,6.425968,-17.932505,589.781347,11
771,Rnd_772,-20.593833,24.988123,58.163225,4
772,Rnd_773,8.332611,23.964526,65.796258,4
773,Rnd_774,-22.873836,21.798939,39.963833,3
774,Rnd_775,-19.246848,8.513220,79.427385,4
775,Rnd_776,2.265554,-8.184032,356.321791,9
776,Rnd_777,5.395277,-16.364006,574.659174,11
777,Rnd_778,-3.655702,-13.624334,461.741154,10
778,Rnd_779,-5.006027,34.986428,31.674408,3
779,Rnd_780,-2.502541,35.107515,32.485229,3
780,Rnd_781,6.532314,-16.928932,664.520129,12
781,Rnd_782,-10.924438,25.811918,57.445122,4
782,Rnd_783,0.449732,-4.710193,219.951601,7
783,Rnd_784,-1.420905,0.323442,244.876930,8
784,Rnd_785,5.527029,-15.434787,647.627237,12
785,Rnd_786,-16.581004,-1.827250,163.895162,6
786,Rnd_787,0.944012,-5.678771,221.989164,7
787,Rnd_788,-13.935583,24.728059,49.411876,4
788,Rnd_789,-25.888575,5.194229,158.968411,6
789,Rnd_790,13.108298,26.515060,154.464853,6
790,Rnd_791,-3.445383,32.488169,29.341594,3
791,Rnd_792,0.644152,0.555384,195.579542,7
792,Rnd_793,14.158905,-7.485260,451.230058,10
793,Rnd_794,-17.489567,25.943410,31.551187,3
794,Rnd_795,7.690285,-19.084573,527.548059,10
795,Rnd_796,8.146432,-23.118688,752.251822,12
796,Rnd_797,-19.057717,0.875467,121.283127,5
797,Rnd_798,14.244871,0.684579,235.225972,7
798,Rnd_799,-25.455873,18.915299,72.729585,4
799,Rnd_800,5.376504,-11.494217,453.571271,10
800,Rnd_801,6.519278,-16.327521,663.122480,12
801,Rnd_802,-0.383981,-16.952051,565.318858,11
802,Rnd_803,-4.240688,20.709736,60.684659,4
803,Rnd_804,0.849337,33.133915,37.814322,3
804,Rnd_805,-4.963941,-6.848275,234.078590,7
805,Rnd_806,5.321561,-13.969694,636.133866,12
806,Rnd_807,1.757629,-18.322977,595.091885,11
807,Rnd_808,-23.583313,15.595347,69.033296,4
808,Rnd_809,18.355133,6.730892,274.746903,8
809,Rnd_810,14.420544,4.310559,219.245210,7
810,Rnd_811,-27.080090,8.695305,109.855421,5
811,Rnd_812,6.080850,7.385929,157.510883,6
812,Rnd_813,-13.036649,24.863237,53.448386,4
813,Rnd_814,-12.856227,-12.058527,313.697180,8
814,Rnd_815,5.676147,24.099819,62.048367,4
815,Rnd_816,-12.406259,-0.597334,207.273297,7
816,Rnd_817,8.474643,-0.431285,343.946744,9
817,Rnd_818,7.954138,-14.657009,487.641539,10
818,Rnd_819,-17.602378,-2.786168,121.569912,5
819,Rnd_820,9.062178,-13.214250,474.272438,10
820,Rnd_821,7.545811,-22.645434,744.253122,12
821,Rnd_822,0.498844,-6.789618,283.674104,8
822,Rnd_823,6.254451,-15.849453,660.529864,12
823,Rnd_824,-9.949442,6.295559,185.979592,7
824,Rnd_825,2.747126,-16.468480,415.501766,9
825,Rnd_826,-0.278389,-14.222036,468.343855,10
826,Rnd_827,6.799305,-17.418943,589.950838,11
827,Rnd_828,-8.649905,-10.238323,300.249620,8
828,Rnd_829,-9.018776,-6.997616,226.658966,7
829,Rnd_830,-9.785902,16.492781,103.671004,5
830,Rnd_831,-6.925014,34.454045,31.472209,3
831,Rnd_832,3.010765,-11.756892,378.360164,9
832,Rnd_833,8.369839,-14.234123,480.341812,10
833,Rnd_834,-1.720560,-13.135107,317.656556,8
834,Rnd_835,-10.062938,-0.799365,167.987986,6
835,Rnd_836,15.715033,23.845264,77.670986,4
836,Rnd_837,15.118616,-3.254834,291.900677,8
837,Rnd_838,10.571333,-4.695279,299.761471,8
838,Rnd_839,-21.076581,11.953930,100.338665,5
839,Rnd_840,-2.942023,-10.785059,370.641423,9
840,Rnd_841,11.604288,-6.471364,309.422329,8
841,Rnd_842,3.518439,-12.618544,390.372418,9
842,Rnd_843,3.728340,-17.711893,668.104547,12
843,Rnd_844,6.854917,30.733746,98.574591,5
844,Rnd_845,13.611502,17.896976,79.295287,4
845,Rnd_846,7.869093,-15.564195,653.735598,12
846,Rnd_847,7.533770,8.085187,162.833746,6
847,Rnd_848,-20.294655,26.630057,40.055006,3
848,Rnd_849,0.697039,4.521360,143.639296,6
849,Rnd_850,4.723948,-12.431486,536.413788,11
850,Rnd_851,-14.586861,23.599368,54.353807,4
851,Rnd_852,-11.997972,-3.381112,224.309179,7
852,Rnd_853,-21.290365,15.890747,129.284075,6
853,Rnd_854,3.069421,15.640169,94.013869,5
854,Rnd_855,-1.541094,-4.177291,268.399307,8
855,Rnd_856,-14.877446,12.185006,107.671322,5
856,Rnd_857,21.597673,16.151125,128.031975,5
857,Rnd_858,3.564707,-2.852760,334.959773,9
858,Rnd_859,-20.261271,27.432336,34.181881,3
859,Rnd_860,0.951623,-9.287082,240.606968,7
860,Rnd_861,-19.985504,25.093400,34.365462,3
861,Rnd_862,5.533245,14.872129,100.379993,5
862,Rnd_863,4.333168,-14.950897,641.666058,12
863,Rnd_864,0.264424,-14.377321,463.428504,10
864,Rnd_865,3.719891,3.568871,201.907415,7
865,Rnd_866,5.546934,-18.809335,686.386755,12
866,Rnd_867,4.287274,-14.273961,633.347526,12
867,Rnd_868,4.579368,-6.303066,290.768049,8
868,Rnd_869,-13.091976,29.443304,29.577186,3
869,Rnd_870,-6.827165,33.234907,31.774885,3
870,Rnd_871,-4.535180,10.464458,139.151449,6
871,Rnd_872,14.092669,25.293538,80.148885,4
872,Rnd_873,-24.599708,0.322927,123.102885,5
873,Rnd_874,-10.588475,0.487034,157.796221,6
874,Rnd_875,1.293230,-10.177637,501.855981,11
875,Rnd_876,1.186007,-17.154182,569.820272,11
876,Rnd_877,-3.522905,3.773455,212.638472,7
877,Rnd_878,3.286598,-0.789544,270.287104,8
878,Rnd_879,0.403195,-5.479787,277.144079,8
879,Rnd_880,4.350233,-13.023100,464.910339,10
880,Rnd_881,0.928481,31.892594,39.006193,3
881,Rnd_882,3.635625,-18.018849,682.422141,12
882,Rnd_883,-0.251548,0.937054,160.299445,6
883,Rnd_884,7.462970,-1.543567,280.520917,8
884,Rnd_885,8.958544,-18.685726,608.449476,11
885,Rnd_886,1.541305,31.926261,35.929077,3
886,Rnd_887,7.870304,10.827062,145.177963,6
887,Rnd_888,4.073656,-3.396882,276.645286,8
888,Rnd_889,-10.960969,6.817006,140.433797,6
889,Rnd_890,3.537153,-8.455675,436.812913,10
890,Rnd_891,-15.315195,16.500606,96.978034,5
891,Rnd_892,10.560453,-3.013869,238.248625,7
892,Rnd_893,6.819930,-13.697013,481.341520,10
893,Rnd_894,7.451403,-8.794852,449.413402,10
894,Rnd_895,5.569961,-12.294054,539.780397,11
895,Rnd_896,1.781493,-5.373604,275.453950,8
896,Rnd_897,9.307145,-12.306233,561.909134,11
897,Rnd_898,0.732215,13.504917,96.113860,5
898,Rnd_899,15.032808,5.153432,267.852824,8
899,Rnd_900,4.733745,-21.351517,718.304539,12
900,Rnd_901,8.551125,-16.518013,677.212600,12
901,Rnd_902,3.924436,-17.404239,666.741947,12
902,Rnd_903,5.490257,-19.691441,608.136032,11
903,Rnd_904,6.750574,-3.346244,353.503458,9
904,Rnd_905,-16.275602,8.189656,107.781259,5
905,Rnd_906,8.323062,-7.777251,371.343748,9
906,Rnd_907,9.298322,4.506523,219.985638,7
907,Rnd_908,11.070657,-4.955908,303.402541,8
908,Rnd_909,-19.988608,9.629825,145.220802,6
909,Rnd_910,6.559797,-14.638166,566.786529,11
910,Rnd_911,4.797216,-14.752483,405.747655,9
911,Rnd_912,12.557513,25.321505,76.037953,4
912,Rnd_913,3.576226,-16.011529,488.713803,10
913,Rnd_914,1.704682,-17.966755,581.599799,11
914,Rnd_915,6.270358,24.832725,93.265906,5
915,Rnd_916,9.917204,-18.155648,687.148640,12
916,Rnd_917,16.229788,11.680821,162.282867,6
917,Rnd_918,8.736245,-13.060143,560.987970,11
918,Rnd_919,-15.618273,13.150184,95.837826,5
919,Rnd_920,-4.908811,26.056716,56.096121,4
920,Rnd_921,-16.225382,-3.868402,208.985808,7
921,Rnd_922,1.297135,-8.030818,363.462198,9
922,Rnd_923,17.161582,17.817757,113.120389,5
923,Rnd_924,3.887075,-15.639799,476.608890,10
924,Rnd_925,3.335874,1.648160,165.522516,6
925,Rnd_926,-19.027813,10.453244,96.891558,5
926,Rnd_927,0.438356,-9.736438,244.522539,7
927,Rnd_928,1.721003,23.450152,69.021647,4
928,Rnd_929,8.322559,17.531307,142.906027,6
929,Rnd_930,2.847717,24.660924,60.418921,4
930,Rnd_931,10.661521,-3.977644,358.358827,9
931,Rnd_932,-5.033042,-0.498692,208.126197,7
932,Rnd_933,8.839201,-0.651776,284.309822,8
933,Rnd_934,-15.533789,4.116196,208.178370,7
934,Rnd_935,-1.497517,-16.051808,559.235122,11
935,Rnd_936,4.090795,-15.742351,650.491583,12
936,Rnd_937,7.206153,-18.435058,596.844915,11
937,Rnd_938,-2.636385,11.001792,99.462527,5
938,Rnd_939,2.678162,-12.227864,456.220648,10
939,Rnd_940,5.371936,-10.101098,385.797789,9
940,Rnd_941,5.876774,-10.608243,446.110753,10
941,Rnd_942,20.197880,-4.087295,390.785270,9
942,Rnd_943,5.042927,-18.439087,681.719469,12
943,Rnd_944,5.866678,-14.271383,481.697868,10
944,Rnd_945,2.424666,-17.023376,575.975082,11
945,Rnd_946,-1.744136,18.711236,88.738273,5
946,Rnd_947,-0.174864,-4.698889,333.887543,9
947,Rnd_948,3.268935,7.220733,147.119679,6
948,Rnd_949,-21.605174,22.605428,57.424926,4
949,Rnd_950,2.781850,28.617918,60.172642,4
950,Rnd_951,4.449399,4.866847,205.862696,7
951,Rnd_952,4.496880,-14.271165,554.239714,11
952,Rnd_953,-5.959249,31.464277,29.163564,3
953,Rnd_954,9.711078,-18.663534,526.293929,10
954,Rnd_955,0.040973,14.659097,96.608162,5
955,Rnd_956,-18.413847,26.504127,51.778282,4
956,Rnd_957,16.854726,19.567399,109.348395,5
957,Rnd_958,4.680165,-19.550941,696.053799,12
958,Rnd_959,10.015067,-0.943828,274.172639,8
959,Rnd_960,-0.097608,33.180513,28.580816,3
960,Rnd_961,12.697702,2.077684,213.850072,7
961,Rnd_962,2.820180,-14.138706,464.008280,10
962,Rnd_963,6.059111,-16.557242,422.929703,9
963,Rnd_964,3.329714,-14.577904,547.803393,11
964,Rnd_965,0.024543,-4.994586,221.810476,7
965,Rnd_966,8.878229,-9.951149,382.010499,9
966,Rnd_967,6.864368,-6.646484,298.043343,8
967,Rnd_968,9.238966,0.566501,278.408218,8
968,Rnd_969,-13.775256,-6.862026,289.686613,8
969,Rnd_970,-6.011106,-4.309542,273.479371,8
970,Rnd_971,-2.505739,-3.921578,278.007358,8
971,Rnd_972,5.957761,-11.999954,461.234451,10
972,Rnd_973,7.491029,-4.760011,361.692174,9
973,Rnd_974,6.647154,-20.149696,710.149120,12
974,Rnd_975,1.618404,-13.848741,470.224684,10
975,Rnd_976,-1.171657,-13.205793,457.173127,10
976,Rnd_977,20.098488,6.548818,174.296904,6
977,Rnd_978,13.535924,8.081229,203.426690,7
978,Rnd_979,7.553702,-11.318011,463.280368,10
979,Rnd_980,6.630973,-21.710953,727.005075,12
980,Rnd_981,8.330391,-20.227735,713.721288,12
981,Rnd_982,18.701079,6.676007,222.294985,7
982,Rnd_983,4.989262,-5.470766,294.974164,8
983,Rnd_984,-12.599256,-0.352054,159.094362,6
984,Rnd_985,-3.448176,-13.148908,450.217057,10
985,Rnd_986,4.496518,22.789197,88.557054,5
986,Rnd_987,0.061723,-3.167795,264.498096,8
987,Rnd_988,-17.803007,28.846567,30.422461,3
988,Rnd_989,0.299883,-17.882787,423.539080,9
989,Rnd_990,4.174822,6.855635,156.627943,6
990,Rnd_991,3.229269,-18.185281,502.234953,10
991,Rnd_992,5.606852,-5.321045,347.481582,9
992,Rnd_993,-13.359860,27.877357,59.883373,4
993,Rnd_994,-8.148848,32.297820,31.494766,3
994,Rnd_995,6.559243,-16.539512,673.769251,12
995,Rnd_996,2.092230,24.504486,62.050951,4
996,Rnd_997,4.826250,-4.990182,349.794176,9
997,Rnd_998,18.752071,10.794380,210.623245,7
998,Rnd_999,2.650380,-16.227396,565.981291,11
999,Rnd_1000,3.205595,18.114058,141.417635,6
1000,Rnd_1001,3.645191,-13.917995,467.408627,10
1001,Rnd_1002,5.238484,-18.300916,675.266487,12
1002,Rnd_1003,1.884962,-16.443229,483.888578,10
1003,Rnd_1004,10.744670,-6.095134,305.711891,8
1004,Rnd_1005,5.634960,-20.100307,701.891412,12
1005,Rnd_1006,-18.449374,15.868337,64.475659,4
1006,Rnd_1007,9.982534,-16.848548,507.982484,10
1007,Rnd_1008,8.218057,-10.571923,448.553681,10
1008,Rnd_1009,3.722806,-6.963494,292.532189,8
1009,Rnd_1010,-20.078248,-6.906944,279.528115,8
1010,Rnd_1011,6.663558,-17.319219,506.512638,10
1011,Rnd_1012,3.278171,-9.558209,434.634994,10
1012,Rnd_1013,-12.076314,-5.919020,215.155490,7
1013,Rnd_1014,7.141461,-20.969388,717.866833,12
1014,Rnd_1015,6.808445,-13.573048,637.709302,12
1015,Rnd_1016,-15.975777,14.481364,96.495857,5
1016,Rnd_1017,5.718788,3.122812,201.850702,7
1017,Rnd_1018,17.503565,16.098775,155.118000,6
1018,Rnd_1019,-0.129800,15.356542,102.371792,5
1019,Rnd_1020,-16.048337,-5.740363,175.429023,6
1020,Rnd_1021,19.480155,5.560667,174.283276,6
1021,Rnd_1022,3.325898,-19.262088,686.583079,12
1022,Rnd_1023,8.510682,4.839165,216.539331,7
1023,Rnd_1024,5.432971,-16.600420,657.963280,12
1024,Rnd_1025,0.974809,33.328816,32.643331,3
1025,Rnd_1026,1.846612,-4.023185,324.294761,9
1026,Rnd_1027,6.679539,-15.257909,652.724889,12
1027,Rnd_1028,-5.571726,3.410748,153.732287,6
1028,Rnd_1029,-2.845778,-2.226780,275.207414,8
1029,Rnd_1030,6.085265,-21.233982,717.342189,12
1030,Rnd_1031,-3.948856,3.527400,156.945866,6
1031,Rnd_1032,6.714879,-3.520230,352.782115,9
1032,Rnd_1033,-14.418173,19.434906,54.616368,4
1033,Rnd_1034,2.997732,-17.043145,653.380144,12
1034,Rnd_1035,4.499120,-8.782885,438.273762,10
1035,Rnd_1036,4.399473,-17.813489,668.354648,12
1036,Rnd_1037,0.413966,31.299914,57.279648,4
1037,Rnd_1038,14.714459,-5.598498,369.319077,9
1038,Rnd_1039,-4.661024,4.489545,195.767201,7
1039,Rnd_1040,5.190350,-17.159278,667.191891,12
1040,Rnd_1041,-18.856679,0.774482,153.198584,6
1041,Rnd_1042,15.900059,3.081254,171.965454,6
1042,Rnd_1043,0.488710,-6.024710,275.249850,8
1043,Rnd_1044,5.544624,-11.041696,387.598379,9
1044,Rnd_1045,4.579744,-18.971172,686.618151,12
1045,Rnd_1046,0.742078,-7.360335,414.054771,10
1046,Rnd_1047,-0.071864,-13.707347,464.949327,10
1047,Rnd_1048,3.971140,-17.536421,581.241262,11
1048,Rnd_1049,5.369621,-20.195109,704.801815,12
1049,Rnd_1050,3.090239,-11.320384,318.027576,8
1050,Rnd_1051,1.092247,-6.799427,282.903566,8
1051,Rnd_1052,9.361258,28.048980,63.119897,4
1052,Rnd_1053,1.440265,-3.948231,322.389208,9
1053,Rnd_1054,-2.172141,6.214612,178.988481,7
1054,Rnd_1055,14.582416,-4.435828,297.805013,8
1055,Rnd_1056,8.058696,-19.236188,701.092903,12
1056,Rnd_1057,8.957205,-0.083264,222.432937,7
1057,Rnd_1058,3.951675,-13.122797,616.547011,12
1058,Rnd_1059,-9.920917,0.219791,208.692380,7
1059,Rnd_1060,6.231057,14.230620,143.024048,6
1060,Rnd_1061,8.401402,-15.558281,661.916399,12
1061,Rnd_1062,8.309993,-17.681915,681.322639,12
1062,Rnd_1063,15.027404,4.282325,275.580880,8
1063,Rnd_1064,4.969686,-13.971535,551.467315,11
1064,Rnd_1065,0.649945,32.506090,33.742304,3
1065,Rnd_1066,-17.788825,-9.637581,185.595790,6
1066,Rnd_1067,3.281537,33.714674,35.531770,3
1067,Rnd_1068,-12.872389,31.453906,20.837283,3
1068,Rnd_1069,6.813328,-14.163811,563.080032,11
1069,Rnd_1070,-17.949467,24.078407,54.770059,4
1070,Rnd_1071,15.768459,22.979748,72.809885,4
1071,Rnd_1072,8.100677,-5.947554,363.919855,9
1072,Rnd_1073,-4.518469,6.657111,145.760564,6
1073,Rnd_1074,7.735033,-13.835171,478.018283,10
1074,Rnd_1075,7.225061,27.158263,62.775884,4
1075,Rnd_1076,-9.344842,14.557026,97.877080,5
1076,Rnd_1077,4.738037,0.401072,220.810161,7
1077,Rnd_1078,-17.636548,20.110455,68.700357,4
1078,Rnd_1079,-16.075395,0.440945,160.160328,6
1079,Rnd_1080,1.082908,-6.231121,278.411774,8
1080,Rnd_1081,3.723168,24.652105,60.274233,4
1081,Rnd_1082,5.888398,16.165461,133.106575,6
1082,Rnd_1083,8.505394,-1.306970,228.000509,7
1083,Rnd_1084,6.642637,-7.571274,433.987982,10
1084,Rnd_1085,15.329654,8.987696,161.128941,6
1085,Rnd_1086,9.172754,-14.753147,660.281043,12
1086,Rnd_1087,-0.201182,-13.068832,385.007528,9
1087,Rnd_1088,-6.317146,31.677454,26.434622,3
1088,Rnd_1089,-17.412311,19.865224,62.139194,4
1089,Rnd_1090,-2.056001,5.025821,154.279464,6
1090,Rnd_1091,-5.563698,0.759943,213.369735,7
1091,Rnd_1092,0.444128,-12.545884,456.728211,10
1092,Rnd_1093,9.646864,14.821468,107.940310,5
1093,Rnd_1094,-5.731602,33.197276,26.430424,3
1094,Rnd_1095,14.918033,1.135799,288.387213,8
1095,Rnd_1096,-13.527880,28.298586,27.724019,3
1096,Rnd_1097,4.033739,-18.212209,674.512550,12
1097,Rnd_1098,-7.832541,16.129121,89.299941,5
1098,Rnd_1099,-16.295236,22.729137,52.095902,4
1099,Rnd_1100,-19.309604,9.432690,107.018942,5
1100,Rnd_1101,8.692985,-11.253192,398.848286,9
1101,Rnd_1102,-19.717678,-1.129322,156.651740,6
1102,Rnd_1103,0.286996,34.008065,30.470258,3
1103,Rnd_1104,-19.561953,5.928515,148.282906,6
1104,Rnd_1105,-4.166395,33.184775,24.969555,3
1105,Rnd_1106,-19.261957,19.811455,60.323867,4
1106,Rnd_1107,3.334282,8.373585,150.457188,6
1107,Rnd_1108,13.171254,17.915866,110.281880,5
1108,Rnd_1109,5.107257,-19.203059,687.862194,12
1109,Rnd_1110,3.184570,-8.622027,359.417502,9
1110,Rnd_1111,5.384202,-19.427122,699.736465,12
1111,Rnd_1112,-0.726295,-11.101390,439.635223,10
1112,Rnd_1113,2.374511,-12.977965,532.741833,11
1113,Rnd_1114,5.928850,-16.370158,578.324963,11
1114,Rnd_1115,2.815255,-15.481508,637.026629,12
1115,Rnd_1116,11.719456,-13.245893,556.871093,11
1116,Rnd_1117,7.699433,-20.665641,719.669584,12
1117,Rnd_1118,-3.698636,29.749650,53.899301,4
1118,Rnd_1119,3.595093,-19.334430,515.212699,10
1119,Rnd_1120,-4.807000,8.804501,130.559604,6
1120,Rnd_1121,5.758304,-20.480967,709.026372,12
1121,Rnd_1122,1.441055,-9.978987,243.204655,7
1122,Rnd_1123,5.987985,-8.594878,370.113346,9
1123,Rnd_1124,2.673964,-12.160091,529.112966,11
1124,Rnd_1125,-1.080238,1.528086,259.486872,8
1125,Rnd_1126,-26.927292,19.920031,77.900172,4
1126,Rnd_1127,4.758702,-17.386655,582.330766,11
1127,Rnd_1128,-6.535419,-2.840067,274.232413,8
1128,Rnd_1129,0.776013,-10.088726,504.753402,11
1129,Rnd_1130,-18.870121,27.887904,30.627442,3
1130,Rnd_1131,-0.704645,15.633641,101.477147,5
1131,Rnd_1132,12.780341,3.464984,220.540392,7
1132,Rnd_1133,-16.505611,28.759089,24.491128,3
1133,Rnd_1134,-16.308497,28.273438,28.353139,3
1134,Rnd_1135,-14.116917,-1.845629,208.083204,7
1135,Rnd_1136,5.187509,-8.928042,369.572130,9
1136,Rnd_1137,7.230937,-18.169428,519.236108,10
1137,Rnd_1138,7.163889,-22.338290,741.094893,12
1138,Rnd_1139,3.814468,-13.649157,543.053269,11
1139,Rnd_1140,-14.092328,-7.833706,175.244690,6
1140,Rnd_1141,-5.806922,35.472647,28.444152,3
1141,Rnd_1142,6.285619,-12.121204,619.881820,12
1142,Rnd_1143,-19.128956,6.203240,150.325987,6
1143,Rnd_1144,20.551647,2.592754,241.114646,7
1144,Rnd_1145,4.124094,-8.266941,431.378431,10
1145,Rnd_1146,7.472357,-6.693104,367.419168,9
1146,Rnd_1147,0.191441,-3.208933,260.647170,8
1147,Rnd_1148,3.604608,-13.602649,467.637149,10
1148,Rnd_1149,-12.503959,-4.230708,225.229896,7
1149,Rnd_1150,0.293552,-14.191174,461.297976,10
1150,Rnd_1151,6.905719,-20.450828,715.097064,12
1151,Rnd_1152,2.864775,-13.905971,626.239326,12
1152,Rnd_1153,4.153704,12.323534,136.774597,6
1153,Rnd_1154,-1.872278,-5.750731,276.679053,8
1154,Rnd_1155,-16.556649,3.382110,110.434991,5
1155,Rnd_1156,0.486108,-14.705280,548.839973,11
1156,Rnd_1157,19.367365,8.814273,127.860491,5
1157,Rnd_1158,19.597089,22.191121,156.663723,6
1158,Rnd_1159,-18.322244,22.036957,61.618956,4
1159,Rnd_1160,-10.566504,15.677337,93.294792,5
1160,Rnd_1161,-3.198026,20.911303,83.972644,5
1161,Rnd_1162,19.419858,6.625048,222.425819,7
1162,Rnd_1163,2.911636,-11.350399,377.395560,9
1163,Rnd_1164,4.500807,-7.664747,244.517987,7
1164,Rnd_1165,-13.197506,-3.573566,216.234525,7
1165,Rnd_1166,-24.321275,22.944365,37.403828,3
1166,Rnd_1167,10.347118,28.790124,63.216365,4
1167,Rnd_1168,-5.842749,29.041560,62.855938,4
1168,Rnd_1169,2.390049,-15.597509,557.346269,11
1169,Rnd_1170,2.963666,-14.329996,547.335006,11
1170,Rnd_1171,6.531871,-13.609487,476.721831,10
1171,Rnd_1172,6.315820,-17.897358,679.458413,12
1172,Rnd_1173,5.890090,-22.481014,732.354813,12
1173,Rnd_1174,5.587870,-17.306971,585.834440,11
1174,Rnd_1175,-17.769583,6.474796,152.382400,6
1175,Rnd_1176,18.272216,14.792438,165.179841,6
1176,Rnd_1177,12.171848,-9.358050,467.058087,10
1177,Rnd_1178,4.670611,2.870104,200.879869,7
1178,Rnd_1179,-4.140810,1.186798,204.691420,7
1179,Rnd_1180,-26.387447,9.132178,149.229036,6
1180,Rnd_1181,-0.532877,10.718193,105.827157,5
1181,Rnd_1182,-1.200144,8.127055,144.218883,6
1182,Rnd_1183,-6.273358,25.869178,58.254716,4
1183,Rnd_1184,3.628459,6.914394,154.035131,6
1184,Rnd_1185,5.635944,-14.142062,560.258278,11
1185,Rnd_1186,1.047797,-1.892476,203.579641,7
1186,Rnd_1187,8.256978,12.646530,149.481956,6
1187,Rnd_1188,4.489368,-12.983396,535.249885,11
1188,Rnd_1189,15.871683,-9.242531,566.362710,11
1189,Rnd_1190,-5.287076,32.138081,32.990521,3
1190,Rnd_1191,13.427770,21.124836,104.690280,5
1191,Rnd_1192,20.213347,5.323326,286.826210,8
1192,Rnd_1193,-23.354726,9.463262,73.680957,4
1193,Rnd_1194,-23.453985,-7.146843,233.245365,7
1194,Rnd_1195,-0.898276,-2.801811,266.112562,8
1195,Rnd_1196,-11.481769,14.705352,90.714590,5
1196,Rnd_1197,-12.927278,5.648740,149.908157,6
1197,Rnd_1198,5.520952,-9.625338,373.594728,9
1198,Rnd_1199,-13.527832,-2.471937,212.379007,7
1199,Rnd_1200,-10.217330,35.950350,24.624752,3
1200,Rnd_1201,4.991987,-15.433121,649.683322,12
1201,Rnd_1202,1.003777,-8.453546,353.583299,9
1202,Rnd_1203,6.142142,-9.860298,313.887666,8
1203,Rnd_1204,-18.611935,30.303957,31.264499,3
1204,Rnd_1205,-4.668010,0.683455,256.896868,8
1205,Rnd_1206,4.826837,-20.427312,701.728863,12
1206,Rnd_1207,0.526043,-16.422818,646.026416,12
1207,Rnd_1208,-7.161779,25.504672,50.187944,4
1208,Rnd_1209,-4.349275,-17.949279,412.524819,9
1209,Rnd_1210,-12.090752,-0.704384,163.630694,6
1210,Rnd_1211,-4.569672,-17.774520,416.798492,9
1211,Rnd_1212,25.546895,6.604172,378.151793,9
1212,Rnd_1213,-7.459378,31.596533,25.150127,3
1213,Rnd_1214,-1.463153,3.204239,191.093961,7
1214,Rnd_1215,13.320213,-3.550654,296.104901,8
1215,Rnd_1216,3.315447,13.669181,140.471337,6
1216,Rnd_1217,18.949182,4.572784,175.924109,6
1217,Rnd_1218,-13.508454,10.872943,100.949037,5
1218,Rnd_1219,-5.408679,7.372923,139.874682,6
1219,Rnd_1220,-7.985728,23.922876,52.753611,4
1220,Rnd_1221,4.525946,24.199642,89.234818,5
1221,Rnd_1222,4.885076,-16.179918,489.628284,10
1222,Rnd_1223,-11.604956,-4.956598,271.214237,8
1223,Rnd_1224,7.496104,-19.626605,705.459249,12
1224,Rnd_1225,-16.978737,28.388097,27.662964,3
1225,Rnd_1226,7.089748,-13.396659,405.121761,9
1226,Rnd_1227,-15.583280,7.258317,107.630309,5
1227,Rnd_1228,11.057705,-12.906453,489.671071,10
1228,Rnd_1229,-4.085743,13.991097,98.228432,5
1229,Rnd_1230,-5.220548,-12.606847,317.328746,8
1230,Rnd_1231,3.325535,-9.350259,246.232409,7
1231,Rnd_1232,3.791354,-11.377145,379.617244,9
1232,Rnd_1233,4.215986,-16.241167,655.499691,12
1233,Rnd_1234,-17.924290,-0.771118,158.576701,6
1234,Rnd_1235,-24.165842,11.443363,103.091408,5
1235,Rnd_1236,8.527827,-14.262249,563.466000,11
1236,Rnd_1237,13.138294,8.736254,164.888115,6
1237,Rnd_1238,12.844378,-4.690470,374.043543,9
1238,Rnd_1239,5.267928,-14.319425,554.847537,11
1239,Rnd_1240,-20.737554,14.351185,131.363555,6
1240,Rnd_1241,8.947881,-19.350418,621.073286,11
1241,Rnd_1242,-17.831279,13.577825,94.151387,5
1242,Rnd_1243,4.240945,-15.340975,485.181245,10
1243,Rnd_1244,3.884840,-13.798767,626.426567,12
1244,Rnd_1245,6.985811,-18.151923,686.404273,12
1245,Rnd_1246,1.680692,-17.537422,571.161035,11
1246,Rnd_1247,0.564050,31.918521,35.208583,3
1247,Rnd_1248,2.677831,-11.432399,376.255226,9
1248,Rnd_1249,8.248219,-3.149550,354.902534,9
1249,Rnd_1250,8.335199,-17.630928,683.228648,12
1250,Rnd_1251,4.294440,-12.534752,535.364577,11
1251,Rnd_1252,1.595929,-8.266322,423.898858,10
1252,Rnd_1253,-19.098308,-8.111712,179.751295,6
1253,Rnd_1254,-7.543343,-3.378454,210.805464,7
1254,Rnd_1255,-18.746427,21.625381,57.972019,4
1255,Rnd_1256,2.580569,-13.145572,538.190297,11
1256,Rnd_1257,4.873295,-18.514481,593.897467,11
1257,Rnd_1258,14.661797,6.401367,166.072452,6
1258,Rnd_1259,-17.463701,25.771102,59.058108,4
1259,Rnd_1260,-21.777065,14.888764,63.800318,4
1260,Rnd_1261,11.523521,-3.187604,237.158452,7
1261,Rnd_1262,-16.724166,28.564355,25.145244,3
1262,Rnd_1263,5.511613,0.097152,280.791326,8
1263,Rnd_1264,1.417451,20.775162,66.061965,4
1264,Rnd_1265,-6.600293,13.489350,100.825869,5
1265,Rnd_1266,-4.379155,34.816323,34.981928,3
1266,Rnd_1267,10.746559,15.642649,147.385448,6
1267,Rnd_1268,-17.954914,26.491358,28.479671,3
1268,Rnd_1269,-20.324610,6.202943,104.950190,5
1269,Rnd_1270,-8.823670,28.369079,34.202299,3
1270,Rnd_1271,13.828956,-6.552648,380.787722,9
1271,Rnd_1272,13.684127,-3.300530,185.013444,6
1272,Rnd_1273,-20.832819,26.730090,40.335948,3
1273,Rnd_1274,-12.291862,23.046940,51.472243,4
1274,Rnd_1275,-6.498733,1.354089,199.119456,7
1275,Rnd_1276,1.711459,33.007181,32.933408,3
1276,Rnd_1277,-2.106567,32.748378,26.415561,3
1277,Rnd_1278,6.974172,-18.816893,691.272082,12
1278,Rnd_1279,-5.610400,30.321144,49.201133,4
1279,Rnd_1280,-5.191393,4.744748,159.578582,6
1280,Rnd_1281,11.818369,-5.841114,376.613517,9
1281,Rnd_1282,5.720065,-14.306440,552.309189,11
1282,Rnd_1283,7.367641,-13.168199,556.756184,11
1283,Rnd_1284,2.618702,-8.725620,361.863587,9
1284,Rnd_1285,3.884691,3.853745,201.780975,7
1285,Rnd_1286,3.884295,-13.121983,535.413274,11
1286,Rnd_1287,0.733583,-17.067735,568.726512,11
1287,Rnd_1288,-26.112110,19.667106,98.439743,5
1288,Rnd_1289,14.651565,20.124894,112.272177,5
1289,Rnd_1290,-16.238928,32.505576,26.203094,3
1290,Rnd_1291,-3.452896,-0.030026,210.217415,7
1291,Rnd_1292,-3.991309,24.878328,57.526861,4
1292,Rnd_1293,8.988208,-12.798468,635.999574,12
1293,Rnd_1294,-6.883197,20.740390,64.040893,4
1294,Rnd_1295,-0.635071,-13.338736,456.368790,10
1295,Rnd_1296,15.384416,19.070358,77.234021,4
1296,Rnd_1297,5.430598,28.094851,64.386386,4
1297,Rnd_1298,-14.994284,16.700014,93.807846,5
1298,Rnd_1299,5.882397,-20.808752,710.936943,12
1299,Rnd_1300,-6.834959,31.354364,27.494175,3
1300,Rnd_1301,9.277105,-12.495097,554.487551,11
1301,Rnd_1302,19.160341,-2.452462,308.874455,8
1302,Rnd_1303,5.057807,-17.352845,663.472515,12
1303,Rnd_1304,-20.112531,21.682025,59.057035,4
1304,Rnd_1305,14.661707,8.449660,118.770718,5
1305,Rnd_1306,-22.307224,19.547130,58.561560,4
1306,Rnd_1307,-22.816672,19.553283,62.689323,4
1307,Rnd_1308,-12.704797,5.137214,113.112231,5
1308,Rnd_1309,-8.302132,33.845517,25.790064,3
1309,Rnd_1310,8.030600,-11.848788,615.349447,12
1310,Rnd_1311,10.163209,29.621496,67.723057,4
1311,Rnd_1312,6.319318,-14.367733,557.602796,11
1312,Rnd_1313,9.414670,-13.549263,481.262465,10
1313,Rnd_1314,1.109764,-18.136788,581.379866,11
1314,Rnd_1315,-27.050252,12.447485,74.850061,4
1315,Rnd_1316,10.795898,19.027170,100.482612,5
1316,Rnd_1317,7.172395,-17.886084,683.612086,12
1317,Rnd_1318,-3.170667,12.433149,89.859113,5
1318,Rnd_1319,3.579554,-18.169705,585.478111,11
1319,Rnd_1320,6.915928,-14.587249,480.923317,10
1320,Rnd_1321,1.454824,-16.076579,643.180758,12
1321,Rnd_1322,10.720474,23.958256,68.325773,4
1322,Rnd_1323,-13.214451,-5.935150,224.753121,7
1323,Rnd_1324,6.298961,-12.623556,544.385192,11
1324,Rnd_1325,1.443700,-9.736099,364.467866,9
1325,Rnd_1326,-22.199579,7.349727,110.513443,5
1326,Rnd_1327,-1.659493,-10.611084,377.873397,9
1327,Rnd_1328,7.390482,15.592380,106.431165,5
1328,Rnd_1329,6.334859,-9.687613,518.475742,11
1329,Rnd_1330,6.121753,-11.332878,611.489286,12
1330,Rnd_1331,-26.767238,4.031007,120.645905,5
1331,Rnd_1332,-9.209179,29.297772,55.363932,4
1332,Rnd_1333,-0.567721,24.598183,140.323227,6
1333,Rnd_1334,-0.252294,4.785679,204.485477,7
1334,Rnd_1335,-9.829282,31.179438,37.329505,3
1335,Rnd_1336,5.513091,-19.029596,689.697279,12
1336,Rnd_1337,4.914294,8.222433,197.293038,7
1337,Rnd_1338,2.843750,-13.203376,461.190069,10
1338,Rnd_1339,3.456807,21.071735,95.967437,5
1339,Rnd_1340,0.472760,-13.259234,390.140647,9
1340,Rnd_1341,6.408078,-13.994086,650.915639,12
1341,Rnd_1342,3.423206,-17.050664,569.149401,11
1342,Rnd_1343,-17.451513,6.781932,106.168574,5
1343,Rnd_1344,-12.733690,5.687419,148.826999,6
1344,Rnd_1345,1.068888,-5.911577,339.553798,9
1345,Rnd_1346,12.922315,0.752580,230.941965,7
1346,Rnd_1347,-1.468086,-3.883690,267.049669,8
1347,Rnd_1348,7.630913,-13.400603,479.074468,10
1348,Rnd_1349,5.375330,-15.749069,655.819895,12
1349,Rnd_1350,15.754171,-4.688473,304.263297,8
1350,Rnd_1351,6.319318,-18.956923,689.990782,12
1351,Rnd_1352,5.256229,-20.905562,705.792578,12
1352,Rnd_1353,12.648062,5.212034,212.073503,7
1353,Rnd_1354,1.888974,-16.616984,650.051366,12
1354,Rnd_1355,1.561530,-18.177427,581.540861,11
1355,Rnd_1356,6.152636,-18.664519,602.917378,11
1356,Rnd_1357,1.900594,-9.093766,425.915271,10
1357,Rnd_1358,-15.907702,21.362484,58.472032,4
1358,Rnd_1359,-0.862712,17.085397,82.750662,5
1359,Rnd_1360,-21.574210,13.404726,65.715762,4
1360,Rnd_1361,-17.579346,26.740466,33.906522,3
1361,Rnd_1362,4.376900,-8.502363,433.831485,10
1362,Rnd_1363,2.839261,-10.450483,438.412074,10
1363,Rnd_1364,2.883442,-10.235277,442.814625,10
1364,Rnd_1365,4.618808,-16.006455,651.731617,12
1365,Rnd_1366,4.782441,-13.661684,548.389592,11
1366,Rnd_1367,2.281443,-12.208435,453.414563,10
1367,Rnd_1368,7.715675,-20.283541,711.812353,12
1368,Rnd_1369,-7.044948,34.723656,31.012838,3
1369,Rnd_1370,2.100598,-15.202563,477.407597,10
1370,Rnd_1371,-16.568426,0.889351,115.467607,5
1371,Rnd_1372,-1.464656,-14.883178,400.192880,9
1372,Rnd_1373,-13.510309,7.716731,143.202604,6
1373,Rnd_1374,2.085061,-16.758548,563.189862,11
1374,Rnd_1375,-0.171274,-9.169595,298.122938,8
1375,Rnd_1376,-14.616374,-0.807274,203.825925,7
1376,Rnd_1377,5.930515,-11.974608,467.426386,10
1377,Rnd_1378,14.359151,-7.537897,389.360595,9
1378,Rnd_1379,-18.046727,21.350205,58.347856,4
1379,Rnd_1380,12.749365,16.302872,142.561851,6
1380,Rnd_1381,6.302771,-17.421108,674.143682,12
1381,Rnd_1382,5.652715,1.174914,328.889752,9
1382,Rnd_1383,-17.522621,10.672454,97.389907,5
1383,Rnd_1384,-7.595724,-9.870835,358.231803,9
1384,Rnd_1385,-14.923825,29.703015,27.760805,3
1385,Rnd_1386,-24.791475,-0.448244,170.513739,6
1386,Rnd_1387,1.009781,-11.925288,376.610957,9
1387,Rnd_1388,0.200687,-11.691257,444.705981,10
1388,Rnd_1389,1.118185,14.122309,133.953541,6
1389,Rnd_1390,-9.050243,-13.678868,374.005960,9
1390,Rnd_1391,1.761679,-3.429263,266.553911,8
1391,Rnd_1392,6.926115,-15.461974,567.161843,11
1392,Rnd_1393,5.683174,-13.784517,637.253663,12
1393,Rnd_1394,-13.897268,19.703129,61.158050,4
1394,Rnd_1395,8.304503,-11.029001,539.552144,11
1395,Rnd_1396,6.929311,-18.292781,689.593742,12
1396,Rnd_1397,-23.864778,5.300279,104.455447,5
1397,Rnd_1398,-9.832014,22.378215,86.514214,5
1398,Rnd_1399,-12.065359,13.159002,95.782754,5
1399,Rnd_1400,3.279731,-11.236410,442.015409,10
1400,Rnd_1401,-0.607508,-10.925359,515.913099,11
1401,Rnd_1402,12.147682,-0.613654,222.748151,7
1402,Rnd_1403,7.239882,-18.988498,609.327404,11
1403,Rnd_1404,6.252591,-13.180275,473.514226,10
1404,Rnd_1405,7.233852,-8.025434,434.805199,10
1405,Rnd_1406,-14.635106,5.247374,111.303605,5
1406,Rnd_1407,-11.218244,3.605477,148.664939,6
1407,Rnd_1408,3.193085,-5.866871,349.308443,9
1408,Rnd_1409,-25.459143,15.190856,68.630987,4
1409,Rnd_1410,2.832761,-12.472490,532.410448,11
1410,Rnd_1411,14.823921,-13.514824,429.446763,9
1411,Rnd_1412,1.772254,4.942415,144.937134,6
1412,Rnd_1413,-21.559783,9.352356,102.217281,5
1413,Rnd_1414,7.642572,-17.568082,595.074123,11
1414,Rnd_1415,4.630167,-18.807636,590.427023,11
1415,Rnd_1416,2.178106,-14.078508,468.113282,10
1416,Rnd_1417,-9.703332,15.790544,96.426592,5
1417,Rnd_1418,6.244884,1.704466,163.625309,6
1418,Rnd_1419,-1.711655,-1.849333,201.800865,7
1419,Rnd_1420,12.436015,-9.065910,470.067662,10
1420,Rnd_1421,3.735289,-17.226988,493.794009,10
1421,Rnd_1422,-13.908315,30.155583,23.292371,3
1422,Rnd_1423,13.792110,21.218607,79.951317,4
1423,Rnd_1424,0.790083,-1.863405,264.101144,8
1424,Rnd_1425,2.271398,33.832598,35.946336,3
1425,Rnd_1426,7.062168,-18.202141,687.089715,12
1426,Rnd_1427,8.739621,10.087253,206.508675,7
1427,Rnd_1428,4.410986,-17.498322,500.452084,10
1428,Rnd_1429,7.501563,-17.901243,690.753371,12
1429,Rnd_1430,-5.464268,-16.698427,478.423711,10
1430,Rnd_1431,-0.813840,24.943155,65.190773,4
1431,Rnd_1432,-0.636123,-6.586543,286.925377,8
1432,Rnd_1433,-14.022889,31.388846,28.833846,3
1433,Rnd_1434,11.401640,-7.194070,313.546255,8
1434,Rnd_1435,-5.875079,-8.330017,237.934397,7
1435,Rnd_1436,9.673394,12.201512,110.974883,5
1436,Rnd_1437,7.951798,-11.717494,396.322706,9
1437,Rnd_1438,4.925053,-12.055024,535.758142,11
1438,Rnd_1439,-1.687402,-1.179597,152.318875,6
1439,Rnd_1440,-9.683433,6.008068,145.362919,6
1440,Rnd_1441,0.186788,-2.573818,207.920415,7
1441,Rnd_1442,-24.207378,8.336524,75.043598,4
1442,Rnd_1443,1.328633,6.331951,186.913881,7
1443,Rnd_1444,-17.714630,15.348673,70.036794,4
1444,Rnd_1445,11.422733,0.311449,179.235181,6
1445,Rnd_1446,6.360939,-14.869098,566.741384,11
1446,Rnd_1447,11.312725,-7.056423,441.535609,10
1447,Rnd_1448,-4.066454,12.344216,90.380869,5
1448,Rnd_1449,2.401512,-7.818433,355.938437,9
1449,Rnd_1450,-12.306699,9.598526,185.073332,7
1450,Rnd_1451,5.380494,-11.629235,532.683803,11
1451,Rnd_1452,2.099684,-13.309830,390.951748,9
1452,Rnd_1453,-0.044385,20.824257,87.440777,5
1453,Rnd_1454,-3.044487,-6.974920,278.024162,8
1454,Rnd_1455,-11.242645,-10.408994,296.778521,8
1455,Rnd_1456,0.485025,-10.851290,445.168517,10
1456,Rnd_1457,19.494577,1.829932,184.710232,6
1457,Rnd_1458,5.615842,-14.542202,480.132718,10
1458,Rnd_1459,2.041727,-7.300987,350.762734,9
1459,Rnd_1460,-22.236477,22.697389,67.942915,4
1460,Rnd_1461,3.033053,-16.025327,480.452771,10
1461,Rnd_1462,11.892668,-3.275776,294.527368,8
1462,Rnd_1463,0.614553,-15.802010,477.753631,10
1463,Rnd_1464,6.159742,-13.994436,552.868880,11
1464,Rnd_1465,14.891525,19.757447,76.649037,4
1465,Rnd_1466,14.861914,16.872900,106.850578,5
1466,Rnd_1467,-11.405325,25.307253,50.743300,4
1467,Rnd_1468,3.327002,-10.273274,437.718005,10
1468,Rnd_1469,11.809980,5.720677,164.267761,6
1469,Rnd_1470,2.081016,-11.469149,254.367654,7
1470,Rnd_1471,-19.401750,16.071985,61.819196,4
1471,Rnd_1472,7.483034,0.191600,272.399479,8
1472,Rnd_1473,2.188142,31.706596,39.229883,3
1473,Rnd_1474,8.983996,-4.310068,360.034748,9
1474,Rnd_1475,0.641327,-14.660927,545.185643,11
1475,Rnd_1476,18.814836,-0.896921,374.922776,9
1476,Rnd_1477,-0.741566,-8.517272,423.387496,10
1477,Rnd_1478,6.170877,-13.237621,636.130216,12
1478,Rnd_1479,-5.849264,24.040786,57.382459,4
1479,Rnd_1480,2.047726,-6.010514,336.281776,9
1480,Rnd_1481,1.958578,14.491301,99.155673,5
1481,Rnd_1482,-17.617910,29.011902,29.834207,3
1482,Rnd_1483,15.039004,-1.109529,242.440628,7
1483,Rnd_1484,16.354702,19.611762,104.657132,5
1484,Rnd_1485,3.139934,30.900083,71.963759,4
1485,Rnd_1486,3.012808,-13.449767,460.889806,10
1486,Rnd_1487,-0.595561,2.538071,194.301845,7
1487,Rnd_1488,-1.171566,-7.607568,350.909097,9
1488,Rnd_1489,6.814503,26.276950,105.322183,5
1489,Rnd_1490,13.990432,6.268172,163.519161,6
1490,Rnd_1491,-2.141205,-9.104301,297.277010,8
1491,Rnd_1492,-5.658819,5.765745,148.128963,6
1492,Rnd_1493,2.903628,-6.700899,283.521220,8
1493,Rnd_1494,-6.279771,-11.463268,310.696995,8
1494,Rnd_1495,-7.787589,0.485622,197.877181,7
1495,Rnd_1496,-8.543846,-10.060915,241.681303,7
1496,Rnd_1497,6.689871,-14.244941,407.467128,9
1497,Rnd_1498,-12.035066,19.716454,56.647296,4
1498,Rnd_1499,7.295565,-17.640894,592.296928,11
1499,Rnd_1500,-24.445198,10.477740,78.578852,4
1500,Rnd_1501,3.308344,-11.065337,376.238152,9
1501,Rnd_1502,7.882190,-20.286046,718.341747,12
1502,Rnd_1503,2.060761,7.916436,147.165852,6
1503,Rnd_1504,11.134438,-13.541060,567.635425,11
1504,Rnd_1505,7.487844,-10.580992,320.245783,8
1505,Rnd_1506,-7.960477,8.954961,142.133686,6
1506,Rnd_1507,6.249109,10.038801,150.657340,6
1507,Rnd_1508,11.995296,-3.292448,241.413768,7
1508,Rnd_1509,3.057603,-11.669821,451.339458,10
1509,Rnd_1510,-9.259323,1.240219,211.125365,7
1510,Rnd_1511,5.748420,-20.949418,713.407837,12
1511,Rnd_1512,2.869905,-13.653739,538.918507,11
1512,Rnd_1513,6.170544,-14.072409,554.340366,11
1513,Rnd_1514,5.573079,-10.115882,371.446574,9
1514,Rnd_1515,2.043922,-8.821133,358.889695,9
1515,Rnd_1516,-14.000199,-0.195009,165.266820,6
1516,Rnd_1517,5.192040,-10.781802,520.502322,11
1517,Rnd_1518,-20.894065,-2.618279,161.871902,6
1518,Rnd_1519,11.738335,-0.073476,181.689587,6
1519,Rnd_1520,-14.487218,28.336552,30.612499,3
1520,Rnd_1521,5.167270,-15.605031,652.160251,12
1521,Rnd_1522,5.526803,-13.640229,550.783901,11
1522,Rnd_1523,8.743280,-14.854129,667.267569,12
1523,Rnd_1524,2.696834,-6.788120,286.467895,8
1524,Rnd_1525,-14.568123,10.066835,106.791957,5
1525,Rnd_1526,-0.010067,-13.914522,534.191637,11
1526,Rnd_1527,-14.787998,30.002930,31.260948,3
1527,Rnd_1528,7.759028,21.402791,101.564651,5
1528,Rnd_1529,-2.167851,-14.702792,551.680429,11
1529,Rnd_1530,5.699118,-21.131815,720.487273,12
1530,Rnd_1531,4.762943,-17.081598,667.379785,12
1531,Rnd_1532,8.252011,11.164717,145.585413,6
1532,Rnd_1533,-12.394570,30.198669,25.228585,3
1533,Rnd_1534,7.415302,-8.463235,373.459556,9
1534,Rnd_1535,4.540971,-9.675131,439.899314,10
1535,Rnd_1536,-2.764065,15.283305,96.470098,5
1536,Rnd_1537,2.189742,-15.713363,479.732863,10
1537,Rnd_1538,17.930901,2.002875,228.072908,7
1538,Rnd_1539,-2.514016,12.936699,89.394809,5
1539,Rnd_1540,3.359717,29.013596,58.225461,4
1540,Rnd_1541,4.990651,-13.563574,398.902739,9
1541,Rnd_1542,-3.653996,33.662840,26.704005,3
1542,Rnd_1543,0.936926,-8.085810,417.706306,10
1543,Rnd_1544,-20.908044,-2.828053,124.217007,5
1544,Rnd_1545,-26.624343,5.669071,160.013853,6
1545,Rnd_1546,3.774140,0.006965,213.193654,7
1546,Rnd_1547,6.956537,-15.094056,647.637964,12
1547,Rnd_1548,8.436805,7.712241,201.093003,7
1548,Rnd_1549,6.668233,-23.009158,743.434846,12
1549,Rnd_1550,-21.625574,4.314136,115.158402,5
1550,Rnd_1551,4.360840,-14.562856,634.427734,12
1551,Rnd_1552,6.540359,25.595182,72.112606,4
1552,Rnd_1553,-0.114733,-16.668529,645.276889,12
1553,Rnd_1554,-0.259000,29.844862,61.496526,4
1554,Rnd_1555,5.737327,23.481884,62.695257,4
1555,Rnd_1556,1.907525,-6.035791,226.020915,7
1556,Rnd_1557,6.784333,-19.417758,699.390517,12
1557,Rnd_1558,7.170568,-7.189732,366.694963,9
1558,Rnd_1559,3.315433,-14.797986,554.458063,11
1559,Rnd_1560,0.793941,-9.666089,245.155135,7
1560,Rnd_1561,-13.617814,-1.912238,124.733895,5
1561,Rnd_1562,3.532182,-20.955690,703.411861,12
1562,Rnd_1563,1.975825,18.779426,92.705441,5
1563,Rnd_1564,2.217460,17.528845,98.842421,5
1564,Rnd_1565,-0.060363,-11.722385,515.266134,11
1565,Rnd_1566,2.906353,-10.955222,445.119767,10
1566,Rnd_1567,0.686524,8.926624,140.531435,6
1567,Rnd_1568,0.203025,-9.454867,432.029464,10
1568,Rnd_1569,-7.050421,19.385303,66.362199,4
1569,Rnd_1570,-2.654689,-7.837427,288.457574,8
1570,Rnd_1571,3.145141,-15.335357,481.626010,10
1571,Rnd_1572,-1.628586,25.148017,84.984597,5
1572,Rnd_1573,-15.402288,-12.475851,367.464330,9
1573,Rnd_1574,4.790276,-10.707676,452.813440,10
1574,Rnd_1575,5.396621,-13.880627,551.007698,11
1575,Rnd_1576,5.247993,-1.441209,341.018857,9
1576,Rnd_1577,6.362806,-13.487211,639.304863,12
1577,Rnd_1578,16.990728,20.666293,75.738853,4
1578,Rnd_1579,5.758628,-10.032391,383.919329,9
1579,Rnd_1580,5.555547,-7.492850,242.440532,7
1580,Rnd_1581,-9.704369,-8.516683,228.782116,7
1581,Rnd_1582,8.159745,-19.174443,611.175777,11
1582,Rnd_1583,1.960701,-11.554051,536.673343,11
1583,Rnd_1584,6.349421,-19.399557,608.040930,11
1584,Rnd_1585,5.452657,8.548587,150.674536,6
1585,Rnd_1586,5.240203,-14.375463,559.861398,11
1586,Rnd_1587,-12.669834,33.862305,27.311528,3
1587,Rnd_1588,-9.223976,-12.146732,365.063983,9
1588,Rnd_1589,-2.666060,-4.717028,271.984485,8
1589,Rnd_1590,19.169956,1.939097,283.457869,8
1590,Rnd_1591,-0.201908,-8.789570,296.583602,8
1591,Rnd_1592,-22.166196,17.993709,93.776000,5
1592,Rnd_1593,0.137693,-5.913517,408.764206,10
1593,Rnd_1594,-17.117001,-12.508827,362.865131,9
1594,Rnd_1595,14.759794,8.885621,163.511550,6
1595,Rnd_1596,2.070230,8.201005,142.416278,6
1596,Rnd_1597,-2.178840,25.066423,53.437238,4
1597,Rnd_1598,3.411541,-16.054375,652.541272,12
1598,Rnd_1599,6.589603,-9.695774,449.228958,10
1599,Rnd_1600,-5.080266,12.458299,86.693214,5
1600,Rnd_1601,14.625157,23.453896,78.490227,4
1601,Rnd_1602,-0.873648,4.999718,139.141388,6
1602,Rnd_1603,10.940398,9.168162,153.252102,6
1603,Rnd_1604,3.994864,-13.532436,329.780477,8
1604,Rnd_1605,-0.449124,25.375642,59.769373,4
1605,Rnd_1606,-0.404243,-10.763418,369.767154,9
1606,Rnd_1607,-24.793881,6.578102,77.018053,4
1607,Rnd_1608,-14.763125,-3.668557,213.090225,7
1608,Rnd_1609,1.465338,-13.232776,530.350398,11
1609,Rnd_1610,-4.055075,28.568123,55.384121,4
1610,Rnd_1611,-0.509716,-13.496556,533.902472,11
1611,Rnd_1612,-21.568233,25.824998,37.038754,3
1612,Rnd_1613,-22.668656,13.229113,67.277553,4
1613,Rnd_1614,7.293979,-13.899489,557.768549,11
1614,Rnd_1615,-1.525922,-12.719686,315.921689,8
1615,Rnd_1616,2.956423,-13.192423,536.530430,11
1616,Rnd_1617,4.496343,-13.758474,626.665011,12
1617,Rnd_1618,-23.160694,16.282771,70.224659,4
1618,Rnd_1619,-15.426900,1.415299,194.114609,7
1619,Rnd_1620,6.816983,-16.908934,670.577801,12
1620,Rnd_1621,7.676096,-14.551957,484.409129,10
1621,Rnd_1622,-5.800127,4.638351,200.621729,7
1622,Rnd_1623,4.160116,22.683098,89.166317,5
1623,Rnd_1624,-1.582912,17.389281,80.825676,5
1624,Rnd_1625,10.278179,-16.645486,676.224437,12
1625,Rnd_1626,-9.095109,3.277779,152.175139,6
1626,Rnd_1627,4.057201,-18.959839,679.318087,12
1627,Rnd_1628,-20.679905,15.143702,62.678045,4
1628,Rnd_1629,0.497926,4.104711,151.440038,6
1629,Rnd_1630,-17.888701,1.193351,155.673394,6
1630,Rnd_1631,3.488165,-16.784160,572.618484,11
1631,Rnd_1632,-14.632833,12.932048,96.608744,5
1632,Rnd_1633,7.077632,-9.766728,380.533266,9
1633,Rnd_1634,7.869470,-19.113411,611.787990,11
1634,Rnd_1635,12.635659,15.759459,110.570087,5
1635,Rnd_1636,5.738360,-17.689225,588.028056,11
1636,Rnd_1637,8.941524,-18.611842,697.641344,12
1637,Rnd_1638,-4.740531,30.050056,52.459068,4
1638,Rnd_1639,2.045447,-6.773225,344.988482,9
1639,Rnd_1640,2.320508,-16.467432,568.754942,11
1640,Rnd_1641,2.286117,-16.102879,564.371330,11
1641,Rnd_1642,5.918039,-13.030118,470.629922,10
1642,Rnd_1643,-11.572901,-2.941174,216.641565,7
1643,Rnd_1644,2.886530,-6.137963,280.533784,8
1644,Rnd_1645,13.891981,-13.112927,577.485213,11
1645,Rnd_1646,4.750819,-11.723501,529.500304,11
1646,Rnd_1647,0.252549,-12.982746,455.354947,10
1647,Rnd_1648,8.930637,-11.659241,543.291872,11
1648,Rnd_1649,6.345582,-18.086438,682.182347,12
1649,Rnd_1650,4.414850,-17.553132,584.134230,11
1650,Rnd_1651,12.897819,-10.464949,476.275192,10
1651,Rnd_1652,8.422060,-13.342504,556.080937,11
1652,Rnd_1653,2.553709,-15.111611,343.354317,8
1653,Rnd_1654,-11.895516,-2.285037,210.893115,7
1654,Rnd_1655,-19.033128,24.378597,92.713776,5
1655,Rnd_1656,14.616749,19.046640,77.554681,4
1656,Rnd_1657,0.891448,-7.452731,345.329508,9
1657,Rnd_1658,0.869708,-17.163143,492.219599,10
1658,Rnd_1659,0.225104,-12.452320,388.959987,9
1659,Rnd_1660,6.218339,-19.908017,703.570943,12
1660,Rnd_1661,-10.586706,-7.533969,282.673983,8
1661,Rnd_1662,4.488075,-4.134280,282.035636,8
1662,Rnd_1663,-6.866042,32.876331,27.180846,3
1663,Rnd_1664,5.954934,-15.391999,564.299553,11
1664,Rnd_1665,-22.614495,22.294048,39.369058,3
1665,Rnd_1666,2.204299,-8.871039,423.601579,10
1666,Rnd_1667,-1.492047,-9.847473,363.224298,9
1667,Rnd_1668,6.223858,-7.434985,440.493910,10
1668,Rnd_1669,4.157895,-18.381609,590.167142,11
1669,Rnd_1670,-4.363750,3.900998,190.734528,7
1670,Rnd_1671,9.166709,-9.034019,517.849337,11
1671,Rnd_1672,9.018668,-10.664057,468.532574,10
1672,Rnd_1673,2.055653,-15.079119,553.489261,11
1673,Rnd_1674,4.899811,-15.389272,646.129005,12
1674,Rnd_1675,-0.049217,-6.730605,286.838183,8
1675,Rnd_1676,3.535391,25.110308,60.153973,4
1676,Rnd_1677,-7.469584,31.316140,28.841210,3
1677,Rnd_1678,-19.949087,21.982120,64.045992,4
1678,Rnd_1679,-8.787190,31.781347,26.488887,3
1679,Rnd_1680,6.696886,-12.532926,398.520803,9
1680,Rnd_1681,9.274021,-18.811770,713.494229,12
1681,Rnd_1682,2.862203,-16.477040,564.111034,11
1682,Rnd_1683,5.872550,-3.318566,343.969384,9
1683,Rnd_1684,5.700565,-18.464230,599.223764,11
1684,Rnd_1685,-2.193866,-11.036704,377.267595,9
1685,Rnd_1686,-10.934737,17.319872,88.668969,5
1686,Rnd_1687,-6.341235,3.708866,190.329236,7
1687,Rnd_1688,7.830169,-18.520796,692.503778,12
1688,Rnd_1689,-17.216396,14.788785,95.920318,5
1689,Rnd_1690,-7.482431,32.382268,23.786705,3
1690,Rnd_1691,5.359606,-16.794527,661.875749,12
1691,Rnd_1692,-14.623521,5.710052,147.486019,6
1692,Rnd_1693,-10.016855,28.431741,39.935077,3
1693,Rnd_1694,1.325580,-18.530723,581.621473,11
1694,Rnd_1695,-4.271244,16.552409,91.408126,5
1695,Rnd_1696,17.332913,16.904120,115.068321,5
1696,Rnd_1697,16.785964,-12.227488,577.554693,11
1697,Rnd_1698,8.325504,-19.499971,711.298797,12
1698,Rnd_1699,2.837948,-16.111375,570.009042,11
1699,Rnd_1700,5.689116,-16.875395,665.400641,12
1700,Rnd_1701,0.942895,-5.528745,279.705051,8
1701,Rnd_1702,8.449144,31.600184,66.323188,4
1702,Rnd_1703,-1.235273,23.469034,55.970472,4
1703,Rnd_1704,4.470482,-16.817889,577.171484,11
1704,Rnd_1705,-18.624324,-2.386657,208.865580,7
1705,Rnd_1706,-20.305783,16.105570,71.683554,4
1706,Rnd_1707,-2.183128,-4.514612,281.442989,8
1707,Rnd_1708,0.091885,-5.344222,333.126134,9
1708,Rnd_1709,-23.553036,16.183581,69.231241,4
1709,Rnd_1710,-5.062273,-12.359581,380.098827,9
1710,Rnd_1711,14.716332,6.303959,210.141298,7
1711,Rnd_1712,0.084939,-6.983636,339.150161,9
1712,Rnd_1713,9.914628,-14.960199,659.604146,12
1713,Rnd_1714,-2.699888,-7.618234,284.629706,8
1714,Rnd_1715,4.916088,29.476369,63.946326,4
1715,Rnd_1716,-2.578106,31.392555,54.174610,4
1716,Rnd_1717,8.813709,-1.833371,284.230641,8
1717,Rnd_1718,4.331116,-11.375304,319.147159,8
1718,Rnd_1719,-4.220074,-8.396615,353.349756,9
1719,Rnd_1720,20.037856,6.870310,173.633922,6
1720,Rnd_1721,-24.466353,8.855981,103.232826,5
1721,Rnd_1722,1.943037,-13.812413,465.468590,10
1722,Rnd_1723,4.823457,-16.221218,573.204937,11
1723,Rnd_1724,2.141502,-11.902099,380.960062,9
1724,Rnd_1725,5.112180,-14.545692,478.473383,10
1725,Rnd_1726,16.885781,4.334012,228.759434,7
1726,Rnd_1727,4.367691,-8.858348,304.694235,8
1727,Rnd_1728,3.572928,-11.904241,382.527857,9
1728,Rnd_1729,1.591945,-13.586607,462.552398,10
1729,Rnd_1730,1.451827,4.322881,251.995338,8
1730,Rnd_1731,-2.509549,-7.985950,358.668840,9
1731,Rnd_1732,7.763162,31.621249,138.699415,6
1732,Rnd_1733,5.394372,-19.970321,526.502844,10
1733,Rnd_1734,10.156603,20.489150,101.999349,5
1734,Rnd_1735,16.181812,3.243297,338.359416,9
1735,Rnd_1736,-25.915306,1.424045,121.976158,5
1736,Rnd_1737,8.443780,-6.625056,301.631837,8
1737,Rnd_1738,12.136025,10.084574,205.386904,7
1738,Rnd_1739,4.255061,-12.551174,617.305409,12
1739,Rnd_1740,-18.687483,17.546922,90.041622,5
1740,Rnd_1741,-17.191475,-3.340516,123.070084,5
1741,Rnd_1742,-7.889468,8.491773,138.100601,6
1742,Rnd_1743,6.444189,-17.905116,592.523675,11
1743,Rnd_1744,-18.640592,28.103189,35.829269,3
1744,Rnd_1745,-6.038920,-3.397859,220.541333,7
1745,Rnd_1746,-14.253574,29.776412,32.468367,3
1746,Rnd_1747,10.765281,-6.567642,373.983705,9
1747,Rnd_1748,6.603090,-16.304751,495.156016,10
1748,Rnd_1749,-9.034072,2.529870,155.578032,6
1749,Rnd_1750,-13.911360,-13.325589,376.670783,9
1750,Rnd_1751,1.535916,-14.703123,401.646060,9
1751,Rnd_1752,7.444944,-17.076616,670.143361,12
1752,Rnd_1753,5.080226,-16.814571,350.262394,8
1753,Rnd_1754,8.115765,-16.297138,580.253596,11
1754,Rnd_1755,-8.948375,32.716985,29.668045,3
1755,Rnd_1756,0.807634,-0.049161,211.424337,7
1756,Rnd_1757,2.355260,-10.604003,442.515108,10
1757,Rnd_1758,4.228342,-14.647205,551.829335,11
1758,Rnd_1759,4.535032,-16.883016,573.290639,11
1759,Rnd_1760,-2.722020,-9.747197,297.367127,8
1760,Rnd_1761,4.111171,-11.983591,454.110503,10
1761,Rnd_1762,-12.324532,-3.710614,218.690054,7
1762,Rnd_1763,-4.455772,32.044767,29.403396,3
1763,Rnd_1764,14.915211,-0.148922,227.446739,7
1764,Rnd_1765,6.145800,-12.419081,621.976158,12
1765,Rnd_1766,2.798137,-13.494157,466.747746,10
1766,Rnd_1767,3.588964,-11.212661,315.296043,8
1767,Rnd_1768,9.126159,-15.088010,665.312885,12
1768,Rnd_1769,4.764273,-6.682370,293.191029,8
1769,Rnd_1770,-0.544115,-9.118915,356.290277,9
1770,Rnd_1771,-0.693119,25.940011,58.011512,4
1771,Rnd_1772,2.004473,-13.305741,466.294461,10
1772,Rnd_1773,4.253300,-9.608608,370.717547,9
1773,Rnd_1774,4.479944,-17.097755,663.879167,12
1774,Rnd_1775,3.307414,-18.304987,508.158341,10
1775,Rnd_1776,9.675382,6.496986,255.748931,8
1776,Rnd_1777,8.705059,0.088147,276.152645,8
1777,Rnd_1778,5.348369,-13.057355,470.548951,10
1778,Rnd_1779,4.177513,-19.706826,687.895638,12
1779,Rnd_1780,1.366135,-2.894887,217.100635,7
1780,Rnd_1781,4.116702,25.707630,60.878461,4
1781,Rnd_1782,0.065473,-12.923832,458.322266,10
1782,Rnd_1783,-15.991146,31.967729,29.317429,3
1783,Rnd_1784,5.940830,-17.306811,675.552305,12
1784,Rnd_1785,6.417589,0.155841,223.938402,7
1785,Rnd_1786,-17.387798,-1.244994,157.119329,6
1786,Rnd_1787,9.787178,5.553920,213.785517,7
1787,Rnd_1788,10.475215,-13.676615,568.780895,11
1788,Rnd_1789,-3.506649,-10.191493,368.067153,9
1789,Rnd_1790,6.326933,21.665099,70.192335,4
1790,Rnd_1791,8.430219,-13.179843,483.433694,10
1791,Rnd_1792,-7.233887,-16.812942,473.206981,10
1792,Rnd_1793,2.144116,-19.676086,678.820999,12
1793,Rnd_1794,14.595459,21.302782,118.854149,5
1794,Rnd_1795,7.711346,-17.237092,588.451218,11
1795,Rnd_1796,13.275974,3.590114,221.561702,7
1796,Rnd_1797,15.587981,-9.765085,477.962398,10
1797,Rnd_1798,-11.787653,28.002996,32.622500,3
1798,Rnd_1799,-16.689663,6.020711,155.321252,6
1799,Rnd_1800,3.625856,-8.556833,366.111969,9
1800,Rnd_1801,7.036679,-14.093710,642.419584,12
1801,Rnd_1802,-15.817559,-9.321265,231.865402,7
1802,Rnd_1803,-8.973840,-7.777946,281.007005,8
1803,Rnd_1804,4.524621,-16.089873,650.297051,12
1804,Rnd_1805,5.092728,-17.649617,585.434240,11
1805,Rnd_1806,4.132709,-13.323297,540.078153,11
1806,Rnd_1807,8.906800,-11.903206,473.875106,10
1807,Rnd_1808,-17.957782,30.103636,33.117538,3
1808,Rnd_1809,0.633917,-6.468729,343.500394,9
1809,Rnd_1810,6.741081,-11.749309,540.725762,11
1810,Rnd_1811,4.831040,-14.081656,627.640169,12
1811,Rnd_1812,1.174902,-10.789513,376.338659,9
1812,Rnd_1813,-0.782258,1.638823,143.369854,6
1813,Rnd_1814,-7.799954,-16.465168,394.057634,9
1814,Rnd_1815,6.055132,-5.595130,421.578882,10
1815,Rnd_1816,4.071016,-12.776431,540.370705,11
1816,Rnd_1817,3.857624,-15.420088,559.348495,11
1817,Rnd_1818,8.495018,-20.644163,719.524662,12
1818,Rnd_1819,9.336035,10.459020,206.564731,7
1819,Rnd_1820,2.071238,-6.455234,338.023115,9
1820,Rnd_1821,-0.830153,-12.924081,382.787001,9
1821,Rnd_1822,-3.872811,33.239062,27.579765,3
1822,Rnd_1823,6.447174,-21.350798,721.405008,12
1823,Rnd_1824,3.072000,-16.438585,486.990231,10
1824,Rnd_1825,5.783595,11.699654,152.389145,6
1825,Rnd_1826,8.668981,-17.076255,685.433611,12
1826,Rnd_1827,3.390775,-11.178503,523.240312,11
1827,Rnd_1828,-7.790636,-15.038867,385.451982,9
1828,Rnd_1829,-6.114114,16.292339,88.803464,5
1829,Rnd_1830,19.800581,-5.099758,395.420524,9
1830,Rnd_1831,11.426201,-3.770880,292.815897,8
1831,Rnd_1832,2.027870,-13.541283,548.045697,11
1832,Rnd_1833,11.349528,10.713206,115.459349,5
1833,Rnd_1834,3.159743,14.981148,95.557213,5
1834,Rnd_1835,0.731862,-9.137794,426.161901,10
1835,Rnd_1836,4.041998,-19.545095,599.526088,11
1836,Rnd_1837,-11.323803,-0.514856,208.092777,7
1837,Rnd_1838,2.920223,-11.501935,447.388515,10
1838,Rnd_1839,-14.752921,-7.406872,279.593127,8
1839,Rnd_1840,14.681462,-3.923398,299.416025,8
1840,Rnd_1841,2.271199,-0.690938,207.387673,7
1841,Rnd_1842,-3.229776,7.076571,130.013535,6
1842,Rnd_1843,6.042918,-18.938330,690.912066,12
1843,Rnd_1844,0.862919,-1.398987,252.797773,8
1844,Rnd_1845,1.701001,-17.200902,419.635876,9
1845,Rnd_1846,26.018356,2.877913,276.654296,7
1846,Rnd_1847,16.171068,8.615643,120.950641,5
1847,Rnd_1848,-25.483034,12.261935,74.080850,4
1848,Rnd_1849,1.652680,-15.439383,635.483823,12
1849,Rnd_1850,7.785445,7.301331,156.043205,6
1850,Rnd_1851,2.623810,-16.272864,646.943313,12
1851,Rnd_1852,-8.409976,30.599169,27.001516,3
1852,Rnd_1853,-15.134131,18.521137,89.374815,5
1853,Rnd_1854,-11.491189,31.414125,22.158094,3
1854,Rnd_1855,16.943490,19.240830,77.079345,4
1855,Rnd_1856,2.957449,-9.553801,373.106101,9
1856,Rnd_1857,4.994276,-13.829209,475.367343,10
1857,Rnd_1858,9.908297,-17.214586,601.125542,11
1858,Rnd_1859,1.370652,-14.490298,468.679915,10
1859,Rnd_1860,-10.721943,-5.417368,177.151154,6
1860,Rnd_1861,20.893145,5.515133,184.987797,6
1861,Rnd_1862,10.619299,27.380208,68.521343,4
1862,Rnd_1863,18.471912,-2.281555,305.568119,8
1863,Rnd_1864,-9.679252,13.563371,96.726887,5
1864,Rnd_1865,-2.909741,-3.189032,279.808931,8
1865,Rnd_1866,1.445506,-14.861756,631.129482,12
1866,Rnd_1867,2.276397,-7.984628,413.476312,10
1867,Rnd_1868,-5.061460,-12.801731,253.753019,7
1868,Rnd_1869,3.067393,-11.853730,526.163803,11
1869,Rnd_1870,13.313243,10.390397,200.235562,7
1870,Rnd_1871,6.496961,33.564424,96.797997,5
1871,Rnd_1872,-4.155155,-5.211159,221.856808,7
1872,Rnd_1873,-12.232830,-13.255348,315.954582,8
1873,Rnd_1874,11.144895,0.186638,274.061795,8
1874,Rnd_1875,-3.665032,5.477898,184.726733,7
1875,Rnd_1876,15.294914,11.976291,111.734199,5
1876,Rnd_1877,-15.563249,29.586046,26.768911,3
1877,Rnd_1878,-8.051837,28.814505,31.489769,3
1878,Rnd_1879,-1.775351,35.135195,33.918097,3
1879,Rnd_1880,-8.939703,-5.387464,280.905255,8
1880,Rnd_1881,0.282676,-14.853746,545.119984,11
1881,Rnd_1882,-1.412192,-9.203497,295.307975,8
1882,Rnd_1883,6.933386,-14.747139,567.749184,11
1883,Rnd_1884,4.238728,4.399097,207.292803,7
1884,Rnd_1885,4.667403,-13.325374,393.247914,9
1885,Rnd_1886,10.895699,-6.444686,375.497832,9
1886,Rnd_1887,0.356593,-1.076765,249.879195,8
1887,Rnd_1888,-9.989162,19.182239,64.649345,4
1888,Rnd_1889,-6.382966,20.240689,68.298544,4
1889,Rnd_1890,-22.993360,9.958287,72.406023,4
1890,Rnd_1891,0.931857,-16.362538,483.735597,10
1891,Rnd_1892,4.859684,-13.421382,471.482447,10
1892,Rnd_1893,7.585464,-15.146876,660.492452,12
1893,Rnd_1894,17.317212,-8.586004,398.749531,9
1894,Rnd_1895,8.920192,19.203949,102.414353,5
1895,Rnd_1896,-23.564100,18.560830,62.248718,4
1896,Rnd_1897,7.826934,-11.332759,543.910921,11
1897,Rnd_1898,-13.963241,-1.598946,207.780158,7
1898,Rnd_1899,-11.813940,26.270540,55.315137,4
1899,Rnd_1900,-20.933466,22.925357,63.344485,4
1900,Rnd_1901,-1.509851,-12.884425,443.918292,10
1901,Rnd_1902,6.175382,7.960611,199.770922,7
1902,Rnd_1903,-12.063231,31.168842,26.712585,3
1903,Rnd_1904,4.960921,-12.828262,467.134611,10
1904,Rnd_1905,-17.314678,26.236224,57.249285,4
1905,Rnd_1906,12.931277,22.810180,72.537031,4
1906,Rnd_1907,0.295444,11.707348,140.219250,6
1907,Rnd_1908,-9.529446,-14.184371,384.040875,9
1908,Rnd_1909,1.250716,1.261875,253.263889,8
1909,Rnd_1910,3.960512,1.558727,254.875043,8
1910,Rnd_1911,3.343248,-10.703945,513.535487,11
1911,Rnd_1912,6.405410,24.924247,66.095057,4
1912,Rnd_1913,9.807532,-17.906581,606.630769,11
1913,Rnd_1914,3.860932,-18.577750,673.837803,12
1914,Rnd_1915,5.677139,-8.590772,370.018693,9
1915,Rnd_1916,3.155625,7.772417,152.723264,6
1916,Rnd_1917,8.416404,-14.574224,570.891986,11
1917,Rnd_1918,-2.544829,-9.064662,289.550357,8
1918,Rnd_1919,-0.419184,0.503716,204.605476,7
1919,Rnd_1920,3.644135,-11.515324,525.262847,11
1920,Rnd_1921,3.784398,-1.706251,268.174822,8
1921,Rnd_1922,3.030827,-7.389311,234.214769,7
1922,Rnd_1923,4.260085,-15.290042,482.166599,10
1923,Rnd_1924,2.303729,-17.525931,497.169588,10
1924,Rnd_1925,6.139407,-22.522060,734.704851,12
1925,Rnd_1926,7.714656,-15.582032,582.567759,11
1926,Rnd_1927,1.026321,-0.382543,222.702386,7
1927,Rnd_1928,-19.901856,11.780866,101.361840,5
1928,Rnd_1929,10.381921,7.025230,207.402432,7
1929,Rnd_1930,1.119495,32.447421,34.584409,3
1930,Rnd_1931,13.429136,-10.901537,339.092254,8
1931,Rnd_1932,-12.266066,-4.393130,168.189346,6
1932,Rnd_1933,-20.607263,20.726049,57.219611,4
1933,Rnd_1934,6.313293,-18.573288,601.340309,11
1934,Rnd_1935,-1.808754,-7.581508,360.104980,9
1935,Rnd_1936,-1.126997,-14.091456,468.005151,10
1936,Rnd_1937,-25.354953,-0.987581,171.395795,6
1937,Rnd_1938,1.577439,-5.000117,218.477185,7
1938,Rnd_1939,0.948664,-4.157828,263.718412,8
1939,Rnd_1940,7.138336,-17.580628,509.791979,10
1940,Rnd_1941,4.472826,-16.148897,654.564728,12
1941,Rnd_1942,3.019159,-11.910862,527.648791,11
1942,Rnd_1943,13.360259,23.414673,110.355328,5
1943,Rnd_1944,4.183149,-13.531743,469.802299,10
1944,Rnd_1945,6.483869,-14.779443,411.466266,9
1945,Rnd_1946,17.401007,-2.454048,191.786958,6
1946,Rnd_1947,7.441263,10.162072,153.982672,6
1947,Rnd_1948,9.270187,22.634492,102.351133,5
1948,Rnd_1949,-2.553549,4.840331,152.563901,6
1949,Rnd_1950,4.527746,-9.731419,253.744301,7
1950,Rnd_1951,-20.879983,5.694726,189.785518,7
1951,Rnd_1952,-16.913328,27.337168,26.398535,3
1952,Rnd_1953,7.340691,-21.598032,729.097868,12
1953,Rnd_1954,-3.046404,-5.540426,280.250073,8
1954,Rnd_1955,3.447450,-9.925653,305.840655,8
1955,Rnd_1956,-23.913949,18.258135,64.583593,4
1956,Rnd_1957,-12.291113,-10.355258,237.228472,7
1957,Rnd_1958,5.857348,27.511439,59.524936,4
1958,Rnd_1959,2.909804,-8.000752,423.528462,10
1959,Rnd_1960,3.368841,-14.915298,634.774531,12
1960,Rnd_1961,0.878840,-6.644247,400.207588,10
1961,Rnd_1962,2.483011,-9.866864,304.417009,8
1962,Rnd_1963,13.986475,22.593674,107.865547,5
1963,Rnd_1964,13.762202,3.812244,170.564122,6
1964,Rnd_1965,0.052090,-7.334268,284.082487,8
1965,Rnd_1966,6.990604,-14.883817,649.017795,12
1966,Rnd_1967,6.990975,-19.271583,607.602249,11
1967,Rnd_1968,0.972162,-16.530216,565.632607,11
1968,Rnd_1969,0.742375,23.689198,57.170127,4
1969,Rnd_1970,-1.077332,-15.394138,475.265628,10
1970,Rnd_1971,15.768998,-11.560617,492.598093,10
1971,Rnd_1972,-15.659480,28.927473,32.586417,3
1972,Rnd_1973,-23.916766,2.752166,117.755034,5
1973,Rnd_1974,5.024409,-9.372902,440.594445,10
1974,Rnd_1975,4.885953,-11.709422,382.649235,9
1975,Rnd_1976,7.522258,-17.286728,673.546328,12
1976,Rnd_1977,12.865370,-10.268164,331.409933,8
1977,Rnd_1978,-14.815067,20.061316,66.933531,4
1978,Rnd_1979,6.609762,5.401829,203.123765,7
1979,Rnd_1980,-19.108093,-4.924294,217.868675,7
1980,Rnd_1981,17.073615,-10.534599,488.050463,10
1981,Rnd_1982,2.118669,-15.065113,633.716313,12
1982,Rnd_1983,0.204836,-14.083261,467.393330,10
1983,Rnd_1984,5.298349,-5.104434,286.780937,8
1984,Rnd_1985,6.772829,-16.697412,582.449302,11
1985,Rnd_1986,0.285244,-8.897332,300.067070,8
1986,Rnd_1987,-0.894386,-18.925521,676.772579,12
1987,Rnd_1988,4.851431,-9.866685,374.701009,9
1988,Rnd_1989,-21.705272,-3.274987,125.475105,5
1989,Rnd_1990,1.341178,-11.117562,380.198532,9
1990,Rnd_1991,20.780097,4.292903,232.054535,7
1991,Rnd_1992,-5.091685,-18.162456,482.760355,10
1992,Rnd_1993,14.386223,-6.984401,381.074057,9
1993,Rnd_1994,5.953989,-18.732787,599.561871,11
1994,Rnd_1995,1.593015,-17.203711,416.550641,9
1995,Rnd_1996,3.238336,-18.996845,676.368012,12
1996,Rnd_1997,5.215763,-1.302285,225.494897,7
1997,Rnd_1998,-23.487227,12.417950,72.515605,4
1998,Rnd_1999,3.710882,-7.424842,420.735779,10
1999,Rnd_2000,-0.485525,-14.656843,398.767033,9
2000,Rnd_2001,-9.786749,24.673199,53.140597,4
2001,Rnd_2002,2.814152,-8.239278,422.177269,10
2002,Rnd_2003,3.998594,-18.284091,501.766409,10
2003,Rnd_2004,1.281640,-9.516355,361.854867,9
2004,Rnd_2005,4.568589,-18.579888,677.595579,12
2005,Rnd_2006,-17.898128,2.766010,214.105769,7
2006,Rnd_2007,-18.171198,10.298134,105.041437,5
2007,Rnd_2008,-5.725746,9.631184,133.783399,6
2008,Rnd_2009,15.302841,19.790907,75.965692,4
2009,Rnd_2010,5.554545,-20.255897,620.818034,11
2010,Rnd_2011,-25.920141,7.497207,114.563701,5
2011,Rnd_2012,1.382348,-10.933640,372.530225,9
2012,Rnd_2013,8.370448,20.223121,98.698533,5
2013,Rnd_2014,5.787838,-8.609180,439.180175,10
2014,Rnd_2015,3.614746,-17.115085,573.695677,11
2015,Rnd_2016,10.108438,27.416084,101.704171,5
2016,Rnd_2017,1.876711,-16.559392,492.366808,10
2017,Rnd_2018,2.750772,-19.715094,605.893059,11
2018,Rnd_2019,5.350012,-6.949920,352.140184,9
2019,Rnd_2020,6.291812,-17.246497,507.530615,10
2020,Rnd_2021,-16.822687,28.106026,32.424190,3
2021,Rnd_2022,-3.406577,34.219504,34.848823,3
2022,Rnd_2023,4.011839,-10.516621,377.542041,9
2023,Rnd_2024,0.239390,-16.507470,642.800371,12
2024,Rnd_2025,-4.726900,0.483727,205.955337,7
2025,Rnd_2026,0.062994,-8.284074,355.784538,9
2026,Rnd_2027,15.426448,12.264726,199.506341,7
2027,Rnd_2028,3.943877,-12.119783,529.192845,11
2028,Rnd_2029,-6.992788,6.111091,141.749514,6
2029,Rnd_2030,-15.877147,29.529963,33.430217,3
2030,Rnd_2031,6.577812,-19.641233,704.816059,12
2031,Rnd_2032,8.767500,-14.039766,565.647328,11
2032,Rnd_2033,3.353824,-5.260206,342.045558,9
2033,Rnd_2034,-21.228739,4.865933,116.595048,5
2034,Rnd_2035,9.669608,4.124353,210.071777,7
2035,Rnd_2036,-0.996335,-10.702192,369.302407,9
2036,Rnd_2037,11.377638,-7.599652,378.961527,9
2037,Rnd_2038,6.803442,-9.176071,445.423588,10
2038,Rnd_2039,-3.371890,-12.074365,311.353608,8
2039,Rnd_2040,11.679937,18.107061,109.430143,5
2040,Rnd_2041,4.598171,-13.798582,551.168825,11
2041,Rnd_2042,3.900209,-6.641985,493.722644,11
2042,Rnd_2043,-9.982703,15.005073,86.601461,5
2043,Rnd_2044,-4.491209,0.177452,264.610828,8
2044,Rnd_2045,6.415674,28.077478,66.555057,4
2045,Rnd_2046,9.678274,-14.916013,585.479954,11
2046,Rnd_2047,-12.332133,2.241435,151.213592,6
2047,Rnd_2048,4.314900,-7.872587,362.316867,9
2048,Rnd_2049,4.596988,-17.562983,586.378763,11
2049,Rnd_2050,-17.844069,26.115165,35.947739,3
2050,Rnd_2051,0.227558,-6.177514,333.982433,9
2051,Rnd_2052,2.705423,-9.217751,425.940210,10
2052,Rnd_2053,8.595666,-15.069190,574.441354,11
2053,Rnd_2054,-21.987404,24.997426,32.686166,3
2054,Rnd_2055,8.789426,-18.853520,609.518644,11
2055,Rnd_2056,9.687302,29.851619,69.364131,4
2056,Rnd_2057,-21.818892,10.171193,102.104289,5
2057,Rnd_2058,7.298180,-12.845110,544.896114,11
2058,Rnd_2059,5.998808,15.020691,104.117265,5
2059,Rnd_2060,3.203170,-9.764197,302.130538,8
2060,Rnd_2061,5.900303,-14.551754,485.913962,10
2061,Rnd_2062,3.830392,-13.370273,542.014629,11
2062,Rnd_2063,0.593799,22.896691,62.310694,4
2063,Rnd_2064,-5.710774,35.577647,27.977010,3
2064,Rnd_2065,5.469864,-13.112188,398.053128,9
2065,Rnd_2066,-23.717970,19.301528,67.177917,4
2066,Rnd_2067,4.951604,-13.764327,550.916355,11
2067,Rnd_2068,-17.849195,21.616748,58.453445,4
2068,Rnd_2069,6.182068,-9.489169,313.305382,8
2069,Rnd_2070,5.923809,-15.165218,561.834440,11
2070,Rnd_2071,1.873997,-6.629669,341.061808,9
2071,Rnd_2072,6.932348,-13.252635,403.994054,9
2072,Rnd_2073,0.752710,-10.249755,307.310201,8
2073,Rnd_2074,-3.905851,23.414871,54.783198,4
2074,Rnd_2075,8.528249,3.634323,206.117589,7
2075,Rnd_2076,7.606724,0.961285,270.686142,8
2076,Rnd_2077,7.509392,-15.032733,642.726218,12
2077,Rnd_2078,-23.542263,-2.011439,209.666048,7
2078,Rnd_2079,7.945170,-7.131746,520.600097,11
2079,Rnd_2080,0.389324,9.087208,140.471437,6
2080,Rnd_2081,-26.400517,14.391339,72.858639,4
2081,Rnd_2082,-2.100142,-0.761044,194.181199,7
2082,Rnd_2083,-15.749049,1.851650,156.558906,6
2083,Rnd_2084,-2.137955,-8.267292,344.745902,9
2084,Rnd_2085,-15.504259,4.146008,151.141584,6
2085,Rnd_2086,8.850737,-13.924487,413.167651,9
2086,Rnd_2087,2.222149,-12.418620,385.526044,9
2087,Rnd_2088,-5.179708,11.878550,98.742588,5
2088,Rnd_2089,8.460927,26.294525,62.416102,4
2089,Rnd_2090,-10.479888,-16.204630,467.319917,10
2090,Rnd_2091,14.982760,22.542477,74.050636,4
2091,Rnd_2092,-6.536213,1.536367,210.337106,7
2092,Rnd_2093,-1.266188,6.529351,188.186212,7
2093,Rnd_2094,3.631822,-11.632688,523.292630,11
2094,Rnd_2095,7.672416,-12.638089,624.723123,12
2095,Rnd_2096,13.395637,-12.138708,414.016801,9
2096,Rnd_2097,16.311558,3.967569,170.167960,6
2097,Rnd_2098,3.217001,-15.792855,483.550984,10
2098,Rnd_2099,-8.328749,-13.597515,375.636627,9
2099,Rnd_2100,3.213554,-7.314706,293.139516,8
2100,Rnd_2101,7.697185,11.218236,113.093648,5
2101,Rnd_2102,0.364955,-15.928963,480.047523,10
2102,Rnd_2103,6.224143,-10.565226,452.309673,10
2103,Rnd_2104,4.661784,-8.561619,367.388931,9
2104,Rnd_2105,-6.801298,-14.753152,465.215704,10
2105,Rnd_2106,2.720640,-13.454711,472.843511,10
2106,Rnd_2107,0.530726,22.404462,89.523506,5
2107,Rnd_2108,5.698262,-14.818753,487.590217,10
2108,Rnd_2109,-5.081585,-5.675288,230.954948,7
2109,Rnd_2110,8.631718,-1.809556,227.795887,7
2110,Rnd_2111,-24.148117,7.866903,113.908491,5
2111,Rnd_2112,12.966509,23.644517,107.551545,5
2112,Rnd_2113,6.217639,-14.524468,640.914712,12
2113,Rnd_2114,5.247680,-14.735761,561.615032,11
2114,Rnd_2115,6.064816,26.004098,59.426586,4
2115,Rnd_2116,8.400244,28.228077,65.541425,4
2116,Rnd_2117,13.117254,-10.900765,421.352695,9
2117,Rnd_2118,-16.990642,1.017220,114.403824,5
2118,Rnd_2119,8.239360,28.261008,93.345903,5
2119,Rnd_2120,-4.254380,14.416158,93.058010,5
2120,Rnd_2121,7.928638,12.394504,108.679204,5
2121,Rnd_2122,5.932814,-2.658659,341.001637,9
2122,Rnd_2123,-8.576669,-7.321124,352.085649,9
2123,Rnd_2124,-1.249601,-9.420286,358.283489,9
2124,Rnd_2125,-20.743013,24.466682,35.700771,3
2125,Rnd_2126,0.156051,-11.096950,447.546490,10
2126,Rnd_2127,-1.444671,-11.906842,309.372069,8
2127,Rnd_2128,1.548835,-2.974723,325.824755,9
2128,Rnd_2129,-0.437327,-10.367253,365.742637,9
2129,Rnd_2130,-24.587515,-3.096971,174.094512,6
2130,Rnd_2131,-0.784135,-1.812396,261.977677,8
2131,Rnd_2132,1.697848,-10.745605,441.087026,10
2132,Rnd_2133,6.038776,16.017072,106.434917,5
2133,Rnd_2134,15.646474,23.075314,104.257384,5
2134,Rnd_2135,0.158236,-12.971946,379.462412,9
2135,Rnd_2136,8.577449,-17.732167,596.020725,11
2136,Rnd_2137,-13.499605,-6.523680,221.835598,7
2137,Rnd_2138,-7.211744,7.687882,151.632019,6
2138,Rnd_2139,5.827620,-21.161415,714.812267,12
2139,Rnd_2140,-6.557425,-11.049533,247.053474,7
2140,Rnd_2141,-21.613106,16.202941,63.052613,4
2141,Rnd_2142,7.539366,-19.721535,705.387630,12
2142,Rnd_2143,8.113356,-13.516740,479.942744,10
2143,Rnd_2144,22.927213,3.540253,243.753487,7
2144,Rnd_2145,3.744337,-15.465762,643.434610,12
2145,Rnd_2146,-0.661988,-11.625567,383.883507,9
2146,Rnd_2147,6.878014,4.988345,154.865198,6
2147,Rnd_2148,-21.166941,8.510814,113.786422,5
2148,Rnd_2149,1.277481,8.901453,138.621444,6
2149,Rnd_2150,-25.405180,13.289353,73.298497,4
2150,Rnd_2151,-10.210689,2.954297,157.009336,6
2151,Rnd_2152,-16.781257,26.745721,35.518388,3
2152,Rnd_2153,12.403404,21.214474,101.805881,5
2153,Rnd_2154,8.874357,-12.388226,630.204224,12
2154,Rnd_2155,0.223132,12.386508,139.085447,6
2155,Rnd_2156,6.612108,-15.050583,492.574611,10
2156,Rnd_2157,5.876848,-17.814278,676.241226,12
2157,Rnd_2158,-9.586209,12.772093,89.116374,5
2158,Rnd_2159,8.292053,-13.346372,553.649396,11
2159,Rnd_2160,-15.537219,24.535072,55.563089,4
2160,Rnd_2161,8.434394,25.235342,103.179737,5
2161,Rnd_2162,18.278362,18.821907,111.234941,5
2162,Rnd_2163,3.744689,-13.506176,329.078251,8
2163,Rnd_2164,4.007715,23.243248,94.573630,5
2164,Rnd_2165,-20.519133,2.020925,116.174103,5
2165,Rnd_2166,4.665463,-9.653549,442.849977,10
2166,Rnd_2167,-2.180583,33.640365,56.690816,4
2167,Rnd_2168,3.046815,-14.948036,639.159593,12
2168,Rnd_2169,5.829326,-15.521952,493.042726,10
2169,Rnd_2170,4.332937,-10.674113,375.338412,9
2170,Rnd_2171,-8.845906,-9.324934,294.880226,8
2171,Rnd_2172,8.744078,-16.936673,599.588728,11
2172,Rnd_2173,12.046931,19.236905,109.272585,5
2173,Rnd_2174,13.616631,21.555384,79.842455,4
2174,Rnd_2175,7.437452,-10.398269,462.786715,10
2175,Rnd_2176,11.243826,27.890431,70.401450,4
2176,Rnd_2177,3.431311,-6.451319,346.678000,9
2177,Rnd_2178,7.730687,3.756096,208.269726,7
2178,Rnd_2179,2.082532,8.536561,115.615610,5
2179,Rnd_2180,1.930605,-14.955264,630.471353,12
2180,Rnd_2181,1.228757,2.007954,202.680827,7
2181,Rnd_2182,1.954914,3.888326,199.789532,7
2182,Rnd_2183,11.005963,6.341152,208.681330,7
2183,Rnd_2184,-7.217023,14.722226,147.549759,6
2184,Rnd_2185,-2.346211,22.837409,57.260253,4
2185,Rnd_2186,-11.613065,17.687453,66.778096,4
2186,Rnd_2187,4.943875,-1.501846,276.976629,8
2187,Rnd_2188,10.668313,-12.572549,552.895686,11
2188,Rnd_2189,20.022807,-3.656497,382.955707,9
2189,Rnd_2190,6.794958,-17.693292,682.582116,12
2190,Rnd_2191,3.229822,-13.818159,473.151194,10
2191,Rnd_2192,4.262697,4.943884,206.872945,7
2192,Rnd_2193,2.344322,-13.282966,536.966936,11
2193,Rnd_2194,-14.133379,30.615981,26.668144,3
2194,Rnd_2195,1.178567,-10.486921,441.282138,10
2195,Rnd_2196,-29.075109,3.084346,169.505586,6
2196,Rnd_2197,-13.806225,-13.132163,308.893250,8
2197,Rnd_2198,7.829991,-13.559180,560.404317,11
2198,Rnd_2199,-0.368188,-7.530027,352.115508,9
2199,Rnd_2200,-1.961929,-13.926444,320.876565,8
2200,Rnd_2201,-2.021206,-3.412037,222.771552,7
2201,Rnd_2202,2.919800,-17.291126,502.740885,10
2202,Rnd_2203,-2.696460,8.840212,136.045197,6
2203,Rnd_2204,-2.878631,-9.148836,295.179631,8
2204,Rnd_2205,-14.262564,21.051174,59.800289,4
2205,Rnd_2206,-9.392936,-3.585327,218.899608,7
2206,Rnd_2207,15.867516,8.986913,210.034256,7
2207,Rnd_2208,0.867540,-6.240116,279.386938,8
2208,Rnd_2209,-23.975392,13.921670,99.364418,5
2209,Rnd_2210,-7.838477,-12.798453,308.858849,8
2210,Rnd_2211,6.900284,31.399691,39.430057,3
2211,Rnd_2212,6.614663,-13.832753,400.415265,9
2212,Rnd_2213,-18.829120,26.174102,38.778887,3
2213,Rnd_2214,4.270205,-17.088175,657.903170,12
2214,Rnd_2215,-5.168753,-3.739514,333.974673,9
2215,Rnd_2216,7.189476,-15.635650,497.770827,10
2216,Rnd_2217,18.733650,17.975881,113.655934,5
2217,Rnd_2218,-18.210365,21.571754,61.321041,4
2218,Rnd_2219,-15.656600,22.287871,62.364667,4
2219,Rnd_2220,-18.117807,30.674600,30.259889,3
2220,Rnd_2221,6.309695,21.602183,95.704905,5
2221,Rnd_2222,-20.689448,-8.251901,233.866472,7
2222,Rnd_2223,0.713085,-5.497709,270.319866,8
2223,Rnd_2224,6.571625,-13.644956,638.140169,12
2224,Rnd_2225,0.902160,-10.143564,433.136925,10
2225,Rnd_2226,2.459776,-7.430050,352.582206,9
2226,Rnd_2227,7.516088,-23.071534,750.580284,12
2227,Rnd_2228,3.789806,-3.597617,278.389722,8
2228,Rnd_2229,6.936403,-0.275847,277.852641,8
2229,Rnd_2230,7.116000,-17.220650,678.197753,12
2230,Rnd_2231,-8.367113,1.100876,209.646677,7
2231,Rnd_2232,-6.931657,1.981048,210.691548,7
2232,Rnd_2233,1.250491,-3.024064,315.715551,9
2233,Rnd_2234,-0.720774,-12.201967,310.575710,8
2234,Rnd_2235,-5.388549,15.463676,89.673903,5
2235,Rnd_2236,0.105280,-0.349041,203.527613,7
2236,Rnd_2237,-6.944732,-5.538490,343.494901,9
2237,Rnd_2238,9.687021,-14.166545,651.217709,12
2238,Rnd_2239,-15.543381,-5.521303,167.366670,6
2239,Rnd_2240,14.508560,0.467903,231.581900,7
2240,Rnd_2241,2.562898,-13.295903,464.730377,10
2241,Rnd_2242,6.668835,-10.682229,530.603676,11
2242,Rnd_2243,4.307648,-14.447617,405.611135,9
2243,Rnd_2244,-17.203661,-4.116883,170.192521,6
2244,Rnd_2245,16.842568,9.818838,162.838517,6
2245,Rnd_2246,-5.459065,24.215668,93.726028,5
2246,Rnd_2247,-22.510144,5.429889,109.731702,5
2247,Rnd_2248,2.425890,-11.152609,373.852118,9
2248,Rnd_2249,3.840952,-18.457405,585.917056,11
2249,Rnd_2250,-21.401472,-1.450783,164.883748,6
2250,Rnd_2251,9.836944,0.977884,219.605404,7
2251,Rnd_2252,8.684505,23.602485,100.523665,5
2252,Rnd_2253,-8.715656,-12.826283,378.168235,9
2253,Rnd_2254,4.005831,-15.508122,485.081667,10
2254,Rnd_2255,15.930201,22.188445,106.864890,5
2255,Rnd_2256,-0.134649,-1.190967,203.242219,7
2256,Rnd_2257,5.903662,-14.050919,478.314146,10
2257,Rnd_2258,1.589104,-0.572758,200.226331,7
2258,Rnd_2259,4.294194,-18.055754,673.814829,12
2259,Rnd_2260,-0.049362,-15.021345,552.123966,11
2260,Rnd_2261,-3.744203,25.067603,58.827882,4
2261,Rnd_2262,2.325440,24.876251,60.073737,4
2262,Rnd_2263,5.174298,2.171682,259.781636,8
2263,Rnd_2264,-1.790443,24.135772,65.398638,4
2264,Rnd_2265,-0.083428,-17.127831,416.182964,9
2265,Rnd_2266,0.798039,-1.694152,251.180156,8
2266,Rnd_2267,-11.215015,-9.704454,343.531064,9
2267,Rnd_2268,8.206145,0.104662,333.677813,9
2268,Rnd_2269,4.798038,29.561961,63.299028,4
2269,Rnd_2270,-24.485426,14.279582,71.547848,4
2270,Rnd_2271,-0.936803,0.755310,237.608881,8
2271,Rnd_2272,-18.877944,12.975998,102.468255,5
2272,Rnd_2273,7.647902,-10.455521,451.155329,10
2273,Rnd_2274,4.764381,-17.413699,670.004786,12
2274,Rnd_2275,11.979575,6.401869,168.187276,6
2275,Rnd_2276,4.113626,-13.555370,397.795724,9
2276,Rnd_2277,-26.253373,10.650589,101.473856,5
2277,Rnd_2278,2.378315,-16.655226,484.786630,10
2278,Rnd_2279,11.279721,22.446545,71.408297,4
2279,Rnd_2280,6.504595,-17.386639,673.222048,12
2280,Rnd_2281,2.355140,-15.456379,639.201504,12
2281,Rnd_2282,3.752050,33.095388,36.693404,3
2282,Rnd_2283,10.367860,-12.405564,564.877584,11
2283,Rnd_2284,1.845616,-9.240636,434.706323,10
2284,Rnd_2285,7.157005,-20.349438,714.895029,12
2285,Rnd_2286,11.978949,-5.764290,374.563098,9
2286,Rnd_2287,-1.465526,20.847590,92.809872,5
2287,Rnd_2288,-15.363210,18.230693,89.636084,5
2288,Rnd_2289,3.378603,-9.878995,249.606768,7
2289,Rnd_2290,4.774926,-19.877381,696.853615,12
2290,Rnd_2291,-1.059342,33.746862,62.592410,4
2291,Rnd_2292,14.941281,-9.391930,395.781433,9
2292,Rnd_2293,7.096600,3.704827,214.867111,7
2293,Rnd_2294,-20.089020,6.774364,104.111339,5
2294,Rnd_2295,-0.014976,-7.493443,350.543333,9
2295,Rnd_2296,10.447196,16.243328,143.634815,6
2296,Rnd_2297,-8.815243,21.445847,56.453209,4
2297,Rnd_2298,-3.485373,17.779194,80.426397,5
2298,Rnd_2299,3.599149,-14.654565,552.738116,11
2299,Rnd_2300,4.567580,-17.365158,670.071605,12
2300,Rnd_2301,-10.362312,5.712587,152.375517,6
2301,Rnd_2302,-6.152245,9.802836,127.458641,6
2302,Rnd_2303,-15.757079,19.839348,92.890580,5
2303,Rnd_2304,-2.718266,-8.828619,289.036116,8
2304,Rnd_2305,5.715133,-16.569773,663.187390,12
2305,Rnd_2306,-1.117289,-12.101726,447.484447,10
2306,Rnd_2307,-3.516089,-10.923157,369.178353,9
2307,Rnd_2308,0.486547,-0.866860,201.126515,7
2308,Rnd_2309,1.747886,-9.226057,364.000071,9
2309,Rnd_2310,-10.639433,-14.657379,373.925727,9
2310,Rnd_2311,8.014069,-12.082756,467.013515,10
2311,Rnd_2312,5.140566,-10.552360,449.111654,10
2312,Rnd_2313,5.723650,5.051717,250.123562,8
2313,Rnd_2314,-0.860628,-7.781459,345.538381,9
2314,Rnd_2315,12.314672,5.527986,165.305381,6
2315,Rnd_2316,6.947306,-10.258933,451.640041,10
2316,Rnd_2317,6.684953,-20.027369,532.752552,10
2317,Rnd_2318,-6.817585,0.920412,152.242739,6
2318,Rnd_2319,2.992819,-11.252362,597.438391,12
2319,Rnd_2320,1.944117,-3.258806,264.829704,8
2320,Rnd_2321,-13.958407,21.401524,58.036463,4
2321,Rnd_2322,-0.208390,-9.737961,433.339999,10
2322,Rnd_2323,6.357684,6.300707,151.492476,6
2323,Rnd_2324,-3.864612,35.550000,29.903947,3
2324,Rnd_2325,1.226773,31.304173,59.134169,4
2325,Rnd_2326,-0.318218,3.339033,156.314258,6
2326,Rnd_2327,1.350104,-5.771452,341.180321,9
2327,Rnd_2328,-9.312110,9.799851,98.102563,5
2328,Rnd_2329,3.500790,1.080097,218.821671,7
2329,Rnd_2330,-1.058055,-2.376132,204.184039,7
2330,Rnd_2331,-6.048373,30.114783,32.137013,3
2331,Rnd_2332,6.799965,-0.527805,222.054041,7
2332,Rnd_2333,16.130286,23.376430,78.079283,4
2333,Rnd_2334,-19.648302,-2.558133,263.851266,8
2334,Rnd_2335,4.763927,-10.334408,447.118516,10
2335,Rnd_2336,0.738952,34.303748,61.310047,4
2336,Rnd_2337,14.789254,-6.820787,258.547795,7
2337,Rnd_2338,3.704736,-18.374175,677.326001,12
2338,Rnd_2339,-2.754393,-11.952752,370.003747,9
2339,Rnd_2340,0.407810,32.134869,55.352174,4
2340,Rnd_2341,3.310410,-17.296235,492.415895,10
2341,Rnd_2342,4.193662,-6.199672,288.990367,8
2342,Rnd_2343,2.185885,-16.399044,569.764768,11
2343,Rnd_2344,4.285262,-20.389025,698.036604,12
2344,Rnd_2345,6.489309,-10.014436,379.303745,9
2345,Rnd_2346,-1.693317,-7.811522,293.538313,8
2346,Rnd_2347,-7.698497,-15.318013,455.861267,10
2347,Rnd_2348,9.720111,-11.523272,549.560182,11
2348,Rnd_2349,0.481518,-8.824236,297.544379,8
2349,Rnd_2350,4.161081,-20.707202,613.500564,11
2350,Rnd_2351,7.803236,-19.783381,621.136165,11
2351,Rnd_2352,-13.370347,12.738173,92.712648,5
2352,Rnd_2353,7.908373,-25.122802,782.151280,12
2353,Rnd_2354,13.553065,25.554105,114.603877,5
2354,Rnd_2355,-6.185132,-3.863727,215.501036,7
2355,Rnd_2356,-5.192593,6.336981,136.355328,6
2356,Rnd_2357,1.666670,17.184232,97.576186,5
2357,Rnd_2358,-26.431439,19.477719,72.541399,4
2358,Rnd_2359,9.897513,14.069059,111.189336,5
2359,Rnd_2360,-10.536880,-7.949885,279.838662,8
2360,Rnd_2361,-14.468003,20.073411,58.343923,4
2361,Rnd_2362,-20.725865,-4.734660,175.206414,6
2362,Rnd_2363,-2.313446,16.204175,88.665936,5
2363,Rnd_2364,6.786246,-10.803892,527.649432,11
2364,Rnd_2365,14.168910,19.088069,78.111604,4
2365,Rnd_2366,-19.200645,-10.342080,196.299102,6
2366,Rnd_2367,8.027580,6.490293,158.775970,6
2367,Rnd_2368,0.730406,-12.267387,382.122846,9
2368,Rnd_2369,2.250643,-16.227153,484.143372,10
2369,Rnd_2370,-6.129273,-2.624834,268.591249,8
2370,Rnd_2371,-2.708574,7.706684,142.188831,6
2371,Rnd_2372,-19.977659,14.162893,65.349879,4
2372,Rnd_2373,-22.135526,21.290455,65.305747,4
2373,Rnd_2374,-17.328439,7.608063,149.823879,6
2374,Rnd_2375,3.721490,-7.071902,351.045372,9
2375,Rnd_2376,-23.873020,7.472075,114.752678,5
2376,Rnd_2377,2.912575,-3.603634,276.964130,8
2377,Rnd_2378,2.182393,25.363333,57.778188,4
2378,Rnd_2379,5.106775,-6.639717,428.587438,10
2379,Rnd_2380,3.583817,-17.895585,663.243063,12
2380,Rnd_2381,7.009247,-13.546064,551.655669,11
2381,Rnd_2382,2.871631,-7.017337,289.816220,8
2382,Rnd_2383,1.030414,-6.120596,222.870829,7
2383,Rnd_2384,8.276693,5.907311,198.477844,7
2384,Rnd_2385,8.679796,-16.847592,595.238915,11
2385,Rnd_2386,-11.368292,7.972803,199.834014,7
2386,Rnd_2387,-5.897644,-10.330964,242.981208,7
2387,Rnd_2388,5.264378,24.959119,60.917005,4
2388,Rnd_2389,-0.209464,2.214619,185.432433,7
2389,Rnd_2390,3.516332,-13.871159,540.351429,11
2390,Rnd_2391,0.564851,-8.136138,350.314730,9
2391,Rnd_2392,9.167853,-17.737705,687.990147,12
2392,Rnd_2393,0.064205,-9.949490,433.602855,10
2393,Rnd_2394,-7.708371,25.330517,45.915683,4
2394,Rnd_2395,-0.492176,2.654432,198.568928,7
2395,Rnd_2396,2.702281,-9.379664,506.425276,11
2396,Rnd_2397,6.949636,-20.397025,708.624634,12
2397,Rnd_2398,-9.094315,-12.561236,302.527199,8
2398,Rnd_2399,1.263562,-5.561689,277.520131,8
2399,Rnd_2400,6.778006,-11.062766,454.965555,10
2400,Rnd_2401,8.272309,-12.885324,632.859918,12
2401,Rnd_2402,5.893142,-19.934052,614.045925,11
2402,Rnd_2403,3.498832,-1.096068,219.247090,7
2403,Rnd_2404,2.765957,-18.511257,665.728368,12
2404,Rnd_2405,5.764189,-20.813588,715.044039,12
2405,Rnd_2406,-11.949077,-6.464615,228.758564,7
2406,Rnd_2407,7.509050,-6.180737,299.035531,8
2407,Rnd_2408,1.868788,-5.891066,283.401824,8
2408,Rnd_2409,16.287204,14.165815,113.511366,5
2409,Rnd_2410,11.992233,26.148309,71.515468,4
2410,Rnd_2411,-15.585633,24.189047,58.717007,4
2411,Rnd_2412,-9.733814,-5.533290,221.454922,7
2412,Rnd_2413,-11.939496,-9.684622,241.489639,7
2413,Rnd_2414,4.996014,-8.662249,433.481932,10
2414,Rnd_2415,5.596812,-15.555937,570.678504,11
2415,Rnd_2416,-7.375134,30.003369,28.975732,3
2416,Rnd_2417,2.514571,-14.616848,633.570659,12
2417,Rnd_2418,-12.425734,30.124761,28.509529,3
2418,Rnd_2419,-16.095113,23.734502,66.794729,4
2419,Rnd_2420,1.330739,-6.441208,340.373322,9
2420,Rnd_2421,8.298410,10.777495,145.605922,6
2421,Rnd_2422,-0.792589,-6.732218,284.578892,8
2422,Rnd_2423,4.466715,-14.461655,475.880968,10
2423,Rnd_2424,6.032431,-18.135076,592.048097,11
2424,Rnd_2425,5.316530,-18.459925,511.252753,10
2425,Rnd_2426,8.403146,-17.391928,681.440474,12
2426,Rnd_2427,-3.040868,25.365445,52.574310,4
2427,Rnd_2428,15.536803,-3.082499,239.999045,7
2428,Rnd_2429,-8.244144,-7.958255,229.531218,7
2429,Rnd_2430,8.550002,-17.114596,435.377225,9
2430,Rnd_2431,2.193913,-12.322007,456.119798,10
2431,Rnd_2432,-19.808148,25.593794,38.440982,3
2432,Rnd_2433,0.615264,-3.365992,261.586143,8
2433,Rnd_2434,3.075817,8.832858,145.268568,6
2434,Rnd_2435,5.544510,31.933885,60.431710,4
2435,Rnd_2436,7.792977,-18.651767,611.367676,11
2436,Rnd_2437,-7.883059,-4.371084,270.778175,8
2437,Rnd_2438,-22.540041,23.061142,59.018560,4
2438,Rnd_2439,12.438929,-0.568087,282.126116,8
2439,Rnd_2440,9.375264,-10.870310,325.779502,8
2440,Rnd_2441,-6.288915,-4.030253,272.980131,8
2441,Rnd_2442,1.371147,-13.038329,535.231032,11
2442,Rnd_2443,-22.914468,15.028749,72.352588,4
2443,Rnd_2444,2.725571,-8.847737,430.375117,10
2444,Rnd_2445,-3.587514,-6.674214,417.697963,10
2445,Rnd_2446,2.633887,-20.251259,608.409508,11
2446,Rnd_2447,18.050114,16.900466,115.070387,5
2447,Rnd_2448,3.263602,-5.831273,232.353326,7
2448,Rnd_2449,-19.646096,2.431898,108.146002,5
2449,Rnd_2450,-8.868447,21.747958,60.209928,4
2450,Rnd_2451,1.229999,7.560937,143.983932,6
2451,Rnd_2452,6.959487,-18.731752,601.850884,11
2452,Rnd_2453,3.100050,-12.450801,534.533672,11
2453,Rnd_2454,11.145931,-15.573113,674.381867,12
2454,Rnd_2455,9.413113,-13.703423,491.532472,10
2455,Rnd_2456,2.774475,-9.904185,370.915712,9
2456,Rnd_2457,-13.103906,-4.622291,219.540069,7
2457,Rnd_2458,-0.855404,-13.763909,537.408835,11
2458,Rnd_2459,2.812627,-9.078408,368.000858,9
2459,Rnd_2460,-1.486344,31.606700,60.049930,4
2460,Rnd_2461,6.403414,-19.714915,610.967951,11
2461,Rnd_2462,15.408369,15.074450,111.081275,5
2462,Rnd_2463,-2.837973,-9.785679,358.766955,9
2463,Rnd_2464,-19.045914,1.331869,159.158699,6
2464,Rnd_2465,20.945075,1.802764,303.248884,8
2465,Rnd_2466,0.313809,-18.174842,660.843418,12
2466,Rnd_2467,0.356123,3.701814,189.229113,7
2467,Rnd_2468,3.790299,-20.008462,692.897492,12
2468,Rnd_2469,2.449270,-2.995541,218.439564,7
2469,Rnd_2470,20.206662,6.984401,279.483700,8
2470,Rnd_2471,2.510147,-13.678019,391.034867,9
2471,Rnd_2472,5.214287,5.121684,159.897269,6
2472,Rnd_2473,-24.036983,21.661024,38.871596,3
2473,Rnd_2474,11.203037,1.394459,275.062394,8
2474,Rnd_2475,14.175642,26.051229,110.140465,5
2475,Rnd_2476,-1.017581,-2.637438,261.486736,8
2476,Rnd_2477,0.961858,-12.525184,382.351215,9
2477,Rnd_2478,-14.888368,-11.161996,238.354735,7
2478,Rnd_2479,-29.058636,2.382723,223.069196,7
2479,Rnd_2480,0.301432,-4.027946,268.865090,8
2480,Rnd_2481,2.296466,-3.387573,274.346307,8
2481,Rnd_2482,6.614130,10.616217,105.071422,5
2482,Rnd_2483,5.617949,-13.685048,546.613547,11
2483,Rnd_2484,5.784925,-9.681055,516.053313,11
2484,Rnd_2485,2.313824,11.901880,180.219438,7
2485,Rnd_2486,2.450625,2.481377,203.405444,7
2486,Rnd_2487,1.732381,-7.289196,230.145954,7
2487,Rnd_2488,-10.034819,-10.859991,292.802866,8
2488,Rnd_2489,-24.356289,3.671250,116.046823,5
2489,Rnd_2490,-24.281259,13.425829,102.046616,5
2490,Rnd_2491,8.445134,-4.169465,357.870444,9
2491,Rnd_2492,6.330097,-2.401414,413.720536,10
2492,Rnd_2493,-17.615196,-9.975916,295.576389,8
2493,Rnd_2494,6.319768,-10.561478,389.814281,9
2494,Rnd_2495,9.478089,-12.649275,554.786302,11
2495,Rnd_2496,6.614296,-4.430307,293.569658,8
2496,Rnd_2497,-8.525771,-8.473880,352.260297,9
2497,Rnd_2498,6.005400,3.890268,258.533837,8
2498,Rnd_2499,-21.446795,18.182169,64.479065,4
2499,Rnd_2500,4.346441,25.594443,99.994134,5
2500,Rnd_2501,-1.739633,1.481708,254.699778,8
2501,Rnd_2502,-11.226041,18.658865,58.930067,4
2502,Rnd_2503,16.829326,11.943442,119.152057,5
2503,Rnd_2504,4.334694,-4.873692,345.049194,9
2504,Rnd_2505,-12.569525,30.004695,26.295088,3
2505,Rnd_2506,-29.761171,5.115495,174.235818,6
2506,Rnd_2507,-15.812341,30.291695,25.851435,3
2507,Rnd_2508,3.672767,-9.573562,304.610775,8
2508,Rnd_2509,-12.703292,30.730373,51.714326,4
2509,Rnd_2510,8.891218,-13.211714,565.194455,11
2510,Rnd_2511,0.330898,8.295979,135.923122,6
2511,Rnd_2512,11.069411,20.006785,107.544715,5
2512,Rnd_2513,-8.108663,30.569331,27.963952,3
2513,Rnd_2514,-8.028617,31.289976,25.009159,3
2514,Rnd_2515,12.644098,13.649590,155.021296,6
2515,Rnd_2516,1.494797,-13.842249,623.805322,12
2516,Rnd_2517,10.625254,-9.361537,388.433775,9
2517,Rnd_2518,-5.469229,21.200818,56.057359,4
2518,Rnd_2519,21.227414,11.688157,167.579108,6
2519,Rnd_2520,15.973102,6.132638,214.149032,7
2520,Rnd_2521,-0.632452,-5.165991,336.476762,9
2521,Rnd_2522,4.580699,-12.130442,464.795014,10
2522,Rnd_2523,-9.617525,4.378098,147.829790,6
2523,Rnd_2524,-10.480332,18.525130,65.911806,4
2524,Rnd_2525,6.642997,-15.540112,657.320501,12
2525,Rnd_2526,-1.572321,-13.229902,461.491935,10
2526,Rnd_2527,2.239737,-15.602890,410.170336,9
2527,Rnd_2528,5.801986,-13.047343,477.696512,10
2528,Rnd_2529,-0.780380,11.307628,141.314077,6
2529,Rnd_2530,3.783849,-11.660287,377.923692,9
2530,Rnd_2531,-3.364126,31.691325,34.414849,3
2531,Rnd_2532,-17.959734,-9.090652,234.362512,7
2532,Rnd_2533,22.789211,18.205849,226.563003,7
2533,Rnd_2534,2.168302,-14.876589,473.360286,10
2534,Rnd_2535,8.289027,-2.797802,233.010208,7
2535,Rnd_2536,4.874619,-9.927974,519.997452,11
2536,Rnd_2537,-23.889621,12.688570,102.628624,5
2537,Rnd_2538,8.794876,-2.834936,352.574667,9
2538,Rnd_2539,-18.876835,21.275369,62.180185,4
2539,Rnd_2540,6.375598,32.591343,37.600701,3
2540,Rnd_2541,-8.356857,-3.176163,273.992773,8
2541,Rnd_2542,21.456741,2.084959,187.861914,6
2542,Rnd_2543,-20.193455,-0.272047,156.416247,6
2543,Rnd_2544,6.760798,-8.512864,441.267610,10
2544,Rnd_2545,1.297563,-13.008789,460.444749,10
2545,Rnd_2546,-2.427183,-10.047113,432.242102,10
2546,Rnd_2547,4.652452,13.748457,138.242833,6
2547,Rnd_2548,3.429916,-20.941855,702.441857,12
2548,Rnd_2549,17.183313,2.240704,182.947498,6
2549,Rnd_2550,-0.746122,-5.852659,279.708127,8
2550,Rnd_2551,7.622056,9.318885,116.119434,5
2551,Rnd_2552,10.144013,-11.216293,397.084358,9
2552,Rnd_2553,-14.332926,-2.103047,212.531276,7
2553,Rnd_2554,-2.198365,-8.370754,349.374294,9
2554,Rnd_2555,16.571307,14.585551,203.839395,7
2555,Rnd_2556,-5.594341,9.735445,94.276478,5
2556,Rnd_2557,3.805040,-11.805678,380.945635,9
2557,Rnd_2558,3.693988,-14.802084,632.607193,12
2558,Rnd_2559,7.043268,-14.679663,568.625385,11
2559,Rnd_2560,6.511109,-8.143024,365.916718,9
2560,Rnd_2561,-5.296377,31.190359,52.795391,4
2561,Rnd_2562,5.359076,-16.963524,497.443075,10
2562,Rnd_2563,2.590952,-1.239548,216.811050,7
2563,Rnd_2564,-16.862091,-9.219629,229.483011,7
2564,Rnd_2565,3.385647,-12.275891,528.851947,11
2565,Rnd_2566,-0.997654,17.107857,93.713636,5
2566,Rnd_2567,-1.450708,-7.406265,283.945284,8
2567,Rnd_2568,1.686671,-6.166130,405.238853,10
2568,Rnd_2569,2.729384,-12.548908,459.530662,10
2569,Rnd_2570,10.471609,-3.464371,237.231629,7
2570,Rnd_2571,6.614621,-22.173860,734.388471,12
2571,Rnd_2572,2.140461,-8.948549,357.132024,9
2572,Rnd_2573,1.578749,-15.740324,637.165171,12
2573,Rnd_2574,5.999221,-16.486092,665.379974,12
2574,Rnd_2575,-20.327628,-4.022969,158.884903,6
2575,Rnd_2576,2.042098,-16.893427,650.892449,12
2576,Rnd_2577,-12.863399,20.814765,62.868064,4
2577,Rnd_2578,5.598309,-21.193492,720.510176,12
2578,Rnd_2579,5.917525,-9.543105,372.176213,9
2579,Rnd_2580,2.124789,-15.567062,632.950911,12
2580,Rnd_2581,-11.744316,-10.256991,230.882039,7
2581,Rnd_2582,4.115864,17.157648,148.709452,6
2582,Rnd_2583,10.267877,-11.142149,552.491751,11
2583,Rnd_2584,-0.364123,-15.334482,474.680037,10
2584,Rnd_2585,3.195362,-11.656175,451.341412,10
2585,Rnd_2586,1.073804,-10.252957,301.993790,8
2586,Rnd_2587,-20.174006,-9.011069,235.897216,7
2587,Rnd_2588,-0.855991,19.384632,89.714705,5
2588,Rnd_2589,4.898736,-17.171892,662.407633,12
2589,Rnd_2590,6.036485,-20.144200,611.790524,11
2590,Rnd_2591,2.155320,-12.699505,530.833870,11
2591,Rnd_2592,-0.661053,-17.919993,498.305050,10
2592,Rnd_2593,9.100765,-15.766639,502.237387,10
2593,Rnd_2594,4.686560,-18.436238,585.323694,11
2594,Rnd_2595,-11.312280,23.021933,52.160516,4
2595,Rnd_2596,5.184359,6.549118,205.778581,7
2596,Rnd_2597,8.690420,22.107769,98.359752,5
2597,Rnd_2598,-17.696766,17.152602,59.317134,4
2598,Rnd_2599,15.652230,17.231180,110.964012,5
2599,Rnd_2600,2.367803,-16.157709,561.000710,11
2600,Rnd_2601,-6.281093,7.570435,143.766536,6
2601,Rnd_2602,5.788072,-12.768470,327.546850,8
2602,Rnd_2603,-14.420446,27.604453,31.222030,3
2603,Rnd_2604,1.660093,-6.300757,336.800590,9
2604,Rnd_2605,14.332423,-8.911964,399.580919,9
2605,Rnd_2606,7.100080,-20.557593,712.300753,12
2606,Rnd_2607,5.566461,-10.597531,383.801193,9
2607,Rnd_2608,-0.417960,-17.803783,494.735588,10
2608,Rnd_2609,13.306915,-9.216442,554.615596,11
2609,Rnd_2610,-11.683969,-7.985609,178.555370,6
2610,Rnd_2611,-4.608497,-16.398066,478.548276,10
2611,Rnd_2612,1.548527,-5.900700,227.007916,7
2612,Rnd_2613,0.721455,-18.224784,574.812549,11
2613,Rnd_2614,6.114373,-11.043285,459.362275,10
2614,Rnd_2615,2.538809,17.057365,95.882732,5
2615,Rnd_2616,19.438666,17.274450,115.817392,5
2616,Rnd_2617,-2.291624,32.161099,34.077882,3
2617,Rnd_2618,-6.544598,22.401483,52.471803,4
2618,Rnd_2619,1.283137,-12.176223,319.723959,8
2619,Rnd_2620,1.847360,10.534341,139.509465,6
2620,Rnd_2621,9.102675,0.545202,333.373188,9
2621,Rnd_2622,8.257749,2.765860,335.239886,9
2622,Rnd_2623,17.632519,13.991978,120.305435,5
2623,Rnd_2624,6.228505,29.607215,68.380514,4
2624,Rnd_2625,-14.065661,-8.902797,230.538258,7
2625,Rnd_2626,5.889885,-10.140465,382.034472,9
2626,Rnd_2627,0.586749,-13.843095,456.688530,10
2627,Rnd_2628,4.163903,-12.373652,459.173365,10
2628,Rnd_2629,5.753267,10.741449,141.279361,6
2629,Rnd_2630,16.065714,1.126372,181.370807,6
2630,Rnd_2631,-24.413762,9.603505,74.463887,4
2631,Rnd_2632,-17.524885,12.644380,104.344787,5
2632,Rnd_2633,5.460857,-16.190065,655.546340,12
2633,Rnd_2634,9.782947,26.376107,101.070331,5
2634,Rnd_2635,3.403902,23.605270,64.536799,4
2635,Rnd_2636,-0.466726,-11.364033,377.167213,9
2636,Rnd_2637,2.579650,-6.183240,283.954283,8
2637,Rnd_2638,-23.418777,3.881125,116.567010,5
2638,Rnd_2639,-24.575932,13.342949,98.233172,5
2639,Rnd_2640,3.812627,-11.038937,520.754033,11
2640,Rnd_2641,16.054561,0.932342,232.027277,7
2641,Rnd_2642,-5.741729,-21.162812,592.871832,11
2642,Rnd_2643,12.911387,21.635811,104.074432,5
2643,Rnd_2644,16.381539,-9.374069,404.075467,9
2644,Rnd_2645,-13.618076,19.200934,61.436564,4
2645,Rnd_2646,1.167789,-13.599988,387.686362,9
2646,Rnd_2647,-17.719858,0.358777,161.541530,6
2647,Rnd_2648,-1.346420,-7.253421,343.229060,9
2648,Rnd_2649,18.694734,-3.618633,314.921072,8
2649,Rnd_2650,-21.074554,26.443830,36.312775,3
2650,Rnd_2651,3.077526,-15.800076,482.372070,10
2651,Rnd_2652,17.781450,-10.611514,482.192353,10
2652,Rnd_2653,-20.583281,19.707932,60.397536,4
2653,Rnd_2654,-10.674385,0.199420,160.173869,6
2654,Rnd_2655,1.680574,-7.541398,290.190700,8
2655,Rnd_2656,-14.637375,-4.979523,170.374000,6
2656,Rnd_2657,7.055476,-15.659368,653.953156,12
2657,Rnd_2658,0.183839,-17.011516,483.974277,10
2658,Rnd_2659,-29.371128,1.442003,179.642685,6
2659,Rnd_2660,-13.894024,-10.902052,355.491674,9
2660,Rnd_2661,-19.108184,16.431150,72.610145,4
2661,Rnd_2662,-0.965902,-9.200844,358.119368,9
2662,Rnd_2663,-25.737333,10.117035,71.657798,4
2663,Rnd_2664,2.415533,-19.445617,595.792967,11
2664,Rnd_2665,1.743906,-10.966068,376.684856,9
2665,Rnd_2666,-6.825779,-15.969380,463.622164,10
2666,Rnd_2667,1.578689,-9.249824,430.868598,10
2667,Rnd_2668,16.644382,7.965771,127.644173,5
2668,Rnd_2669,11.911152,20.469003,104.823434,5
2669,Rnd_2670,-16.632496,19.493383,57.872989,4
2670,Rnd_2671,-6.194663,14.328402,92.472377,5
2671,Rnd_2672,0.832968,-1.835147,213.299436,7
2672,Rnd_2673,3.300726,13.019997,192.518781,7
2673,Rnd_2674,3.786662,-21.247855,709.176857,12
2674,Rnd_2675,3.075472,-7.843425,294.570728,8
2675,Rnd_2676,-4.534970,12.203910,94.517054,5
2676,Rnd_2677,-10.490144,7.334271,136.578780,6
2677,Rnd_2678,7.538679,-13.526299,640.964820,12
2678,Rnd_2679,4.329652,-18.839747,590.097813,11
2679,Rnd_2680,-0.088606,8.205983,132.941350,6
2680,Rnd_2681,-9.777743,-2.814992,206.830958,7
2681,Rnd_2682,7.370680,-6.055372,291.375035,8
2682,Rnd_2683,13.895029,-0.244815,283.161121,8
2683,Rnd_2684,16.073404,21.968912,74.321652,4
2684,Rnd_2685,-1.080427,-6.055375,341.894708,9
2685,Rnd_2686,0.827130,-14.661873,470.693844,10
2686,Rnd_2687,-25.815620,18.808469,100.942425,5
2687,Rnd_2688,5.206292,-7.605231,302.954989,8
2688,Rnd_2689,-3.531034,17.322326,98.925547,5
2689,Rnd_2690,0.447047,-10.801193,310.201095,8
2690,Rnd_2691,3.605047,-18.573126,678.861805,12
2691,Rnd_2692,0.326126,-11.622054,323.104974,8
2692,Rnd_2693,8.515040,-15.667016,662.327867,12
2693,Rnd_2694,-8.363182,-3.579881,265.209526,8
2694,Rnd_2695,1.529853,30.829579,61.558075,4
2695,Rnd_2696,3.679177,-7.569262,357.405294,9
2696,Rnd_2697,6.636684,-9.826674,314.898182,8
2697,Rnd_2698,11.530113,-3.290960,238.263435,7
2698,Rnd_2699,-11.692042,-9.003484,420.770449,10
2699,Rnd_2700,9.614812,4.495676,165.463011,6
2700,Rnd_2701,9.723606,24.731729,106.671660,5
2701,Rnd_2702,6.251863,-17.090607,676.035710,12
2702,Rnd_2703,-1.990118,11.106044,140.432586,6
2703,Rnd_2704,6.526054,30.714847,67.106642,4
2704,Rnd_2705,-22.258023,17.493995,65.681925,4
2705,Rnd_2706,5.697809,-17.505149,587.776704,11
2706,Rnd_2707,11.309270,17.367731,140.932806,6
2707,Rnd_2708,-0.700029,-15.226131,401.400201,9
2708,Rnd_2709,6.900429,14.058836,111.793443,5
2709,Rnd_2710,7.819793,-18.272755,605.184476,11
2710,Rnd_2711,3.692771,-14.446412,548.908716,11
2711,Rnd_2712,4.724274,-11.426770,454.824339,10
2712,Rnd_2713,-14.934050,-5.780570,214.589724,7
2713,Rnd_2714,18.933802,14.722364,120.446800,5
2714,Rnd_2715,3.443413,-11.773230,453.374140,10
2715,Rnd_2716,1.964878,-5.666596,277.169550,8
2716,Rnd_2717,4.285116,25.436383,58.218003,4
2717,Rnd_2718,-5.629340,4.313459,243.866434,8
2718,Rnd_2719,2.053909,-19.886756,516.302328,10
2719,Rnd_2720,-6.021708,-11.897355,311.389594,8
2720,Rnd_2721,4.973787,-18.174370,679.330276,12
2721,Rnd_2722,-15.582880,4.680571,208.567541,7
2722,Rnd_2723,-11.598605,-2.628671,123.281717,5
2723,Rnd_2724,-5.891105,23.420905,68.226091,4
2724,Rnd_2725,3.858493,-8.717640,359.034194,9
2725,Rnd_2726,-2.719443,-5.966536,287.258642,8
2726,Rnd_2727,-11.204499,2.862127,200.125824,7
2727,Rnd_2728,-8.385778,31.917033,27.334876,3
2728,Rnd_2729,5.908404,-10.167146,520.753040,11
2729,Rnd_2730,8.777646,7.245618,205.171617,7
2730,Rnd_2731,6.795131,-6.442794,431.324513,10
2731,Rnd_2732,-19.905230,-0.685896,121.702279,5
2732,Rnd_2733,-18.076885,14.083485,134.677249,6
2733,Rnd_2734,12.135079,-7.715080,384.152769,9
2734,Rnd_2735,14.422172,25.720187,79.727863,4
2735,Rnd_2736,10.945921,1.626918,273.748293,8
2736,Rnd_2737,7.196084,-19.242706,702.512835,12
2737,Rnd_2738,-6.459080,-14.623236,462.118377,10
2738,Rnd_2739,-1.766674,26.511303,50.476889,4
2739,Rnd_2740,6.968871,-14.708322,484.343338,10
2740,Rnd_2741,4.746889,-7.166306,362.363686,9
2741,Rnd_2742,6.170100,-16.931382,671.627349,12
2742,Rnd_2743,8.107878,-18.793942,613.049793,11
2743,Rnd_2744,-13.607746,30.634789,25.283253,3
2744,Rnd_2745,9.941265,9.169654,207.579692,7
2745,Rnd_2746,-8.389974,12.144216,97.270647,5
2746,Rnd_2747,5.975338,-15.779403,492.286220,10
2747,Rnd_2748,-19.910771,-1.814958,209.717146,7
2748,Rnd_2749,4.439138,1.935159,205.035479,7
2749,Rnd_2750,13.330915,17.465314,112.368985,5
2750,Rnd_2751,1.687528,-19.108604,583.294155,11
2751,Rnd_2752,-27.823180,16.340385,74.540187,4
2752,Rnd_2753,1.376049,-4.809089,219.356145,7
2753,Rnd_2754,5.102390,-18.514478,681.556122,12
2754,Rnd_2755,-4.737661,7.402161,130.692820,6
2755,Rnd_2756,1.590735,5.526267,145.051476,6
2756,Rnd_2757,-1.734083,29.966080,59.786190,4
2757,Rnd_2758,-8.051951,-6.979532,278.544909,8
2758,Rnd_2759,4.475757,-11.972229,388.779218,9
2759,Rnd_2760,7.471164,-17.241725,595.996754,11
2760,Rnd_2761,8.920049,-15.136956,506.921065,10
2761,Rnd_2762,8.139369,8.611416,150.477125,6
2762,Rnd_2763,4.102412,-9.196469,433.207098,10
2763,Rnd_2764,-2.473988,0.989264,203.132717,7
2764,Rnd_2765,-17.793198,0.985975,159.909225,6
2765,Rnd_2766,4.658967,-19.910212,605.816049,11
2766,Rnd_2767,3.503552,-16.505740,659.179678,12
2767,Rnd_2768,-7.496918,23.501981,51.561667,4
2768,Rnd_2769,6.906760,-16.302591,575.348172,11
2769,Rnd_2770,1.609759,2.870271,256.837722,8
2770,Rnd_2771,-15.742683,23.454614,49.701453,4
2771,Rnd_2772,15.504366,21.998705,79.088831,4
2772,Rnd_2773,-18.405628,22.579060,58.667350,4
2773,Rnd_2774,-1.937037,-10.128168,357.888647,9
2774,Rnd_2775,7.041022,-22.681278,742.370778,12
2775,Rnd_2776,1.101247,-17.996001,576.059587,11
2776,Rnd_2777,-0.772313,7.193094,198.824225,7
2777,Rnd_2778,5.385836,-11.376965,386.759345,9
2778,Rnd_2779,7.846066,-19.326140,702.597845,12
2779,Rnd_2780,-7.645152,-11.802843,372.721305,9
2780,Rnd_2781,6.658155,-9.830681,448.106187,10
2781,Rnd_2782,9.180537,12.071819,195.693882,7
2782,Rnd_2783,6.143440,-13.173984,465.745849,10
2783,Rnd_2784,4.962968,16.657043,100.388834,5
2784,Rnd_2785,8.569719,-13.482640,488.841790,10
2785,Rnd_2786,8.665545,8.428242,199.130394,7
2786,Rnd_2787,4.569078,-12.788542,537.652061,11
2787,Rnd_2788,-21.122562,-4.093059,264.206168,8
2788,Rnd_2789,7.205484,-15.138881,570.291206,11
2789,Rnd_2790,6.476440,18.520378,98.788611,5
2790,Rnd_2791,-0.945880,-0.839875,200.045249,7
2791,Rnd_2792,2.450744,-14.101384,472.240421,10
2792,Rnd_2793,0.346587,-15.678293,555.004720,11
2793,Rnd_2794,-1.858437,-4.035275,280.173818,8
2794,Rnd_2795,18.643923,0.370122,291.967717,8
2795,Rnd_2796,-0.515680,-5.605886,286.336401,8
2796,Rnd_2797,-9.359302,-7.547891,224.455361,7
2797,Rnd_2798,4.428344,-10.423114,442.960671,10
2798,Rnd_2799,3.921391,-17.114194,574.285976,11
2799,Rnd_2800,3.468697,-16.667815,656.207182,12
2800,Rnd_2801,1.602453,-16.580453,562.320012,11
2801,Rnd_2802,-7.564791,-8.273256,289.020164,8
2802,Rnd_2803,3.823589,-6.308135,345.490133,9
2803,Rnd_2804,9.874802,-8.398739,383.144735,9
2804,Rnd_2805,-0.685902,-3.006848,207.656481,7
2805,Rnd_2806,-16.713721,16.263368,63.822182,4
2806,Rnd_2807,5.722081,-12.184735,459.222402,10
2807,Rnd_2808,-21.834548,12.341516,106.346881,5
2808,Rnd_2809,17.486100,3.225325,228.627943,7
2809,Rnd_2810,-16.778812,4.568563,145.367904,6
2810,Rnd_2811,0.301198,-10.877392,438.253630,10
2811,Rnd_2812,8.977290,-20.535654,634.729845,11
2812,Rnd_2813,-15.647944,18.323040,98.044381,5
2813,Rnd_2814,-16.223004,-1.289368,166.069435,6
2814,Rnd_2815,4.603907,-6.972377,294.505929,8
2815,Rnd_2816,2.096536,-9.563535,510.629396,11
2816,Rnd_2817,2.200819,-8.569662,420.208180,10
2817,Rnd_2818,-1.579380,10.718067,105.365674,5
2818,Rnd_2819,4.114062,20.858159,92.519269,5
2819,Rnd_2820,5.551974,-13.446507,548.143044,11
2820,Rnd_2821,13.838421,3.249412,276.661154,8
2821,Rnd_2822,-7.540143,-10.013000,296.255854,8
2822,Rnd_2823,0.330498,7.303466,198.356422,7
2823,Rnd_2824,4.284666,-11.071781,453.085779,10
2824,Rnd_2825,4.823748,17.497697,101.006219,5
2825,Rnd_2826,2.398314,-8.395615,293.044120,8
2826,Rnd_2827,-18.449172,0.153983,116.456601,5
2827,Rnd_2828,6.271153,-20.280747,707.677273,12
2828,Rnd_2829,-1.538279,2.162510,205.272423,7
2829,Rnd_2830,-13.802378,3.402877,189.636251,7
2830,Rnd_2831,-7.834551,25.029162,56.721595,4
2831,Rnd_2832,-5.172755,23.743741,50.315769,4
2832,Rnd_2833,6.658904,-15.932487,580.688877,11
2833,Rnd_2834,-11.901062,31.343126,22.764804,3
2834,Rnd_2835,4.937610,-15.168766,563.321438,11
2835,Rnd_2836,20.723430,-3.527347,269.110540,7
2836,Rnd_2837,12.594506,-4.827169,375.899567,9
2837,Rnd_2838,7.968789,-12.447142,640.196636,12
2838,Rnd_2839,7.750679,-21.240013,728.103230,12
2839,Rnd_2840,-15.544764,6.830213,111.549249,5
2840,Rnd_2841,-5.005931,-12.500375,376.759652,9
2841,Rnd_2842,1.758159,-11.616269,446.389030,10
2842,Rnd_2843,-14.724439,9.687807,107.757379,5
2843,Rnd_2844,-0.512995,35.408822,38.078104,3
2844,Rnd_2845,4.914619,-12.718046,619.196080,12
2845,Rnd_2846,-4.929726,-5.292311,285.759716,8
2846,Rnd_2847,15.820201,-9.752302,407.412302,9
2847,Rnd_2848,-7.405166,25.328582,50.594812,4
2848,Rnd_2849,-21.040391,1.525095,115.293733,5
2849,Rnd_2850,5.366844,-4.605347,283.267636,8
2850,Rnd_2851,0.626011,-15.151770,478.968741,10
2851,Rnd_2852,-4.300144,-9.240917,427.515226,10
2852,Rnd_2853,-8.279721,-1.204464,205.062820,7
2853,Rnd_2854,2.836347,-16.389634,560.203007,11
2854,Rnd_2855,16.506325,-7.868689,392.692303,9
2855,Rnd_2856,3.744040,-15.895514,564.983046,11
2856,Rnd_2857,3.989111,-1.977134,172.781336,6
2857,Rnd_2858,12.901894,-6.939774,317.262490,8
2858,Rnd_2859,-0.204543,0.414293,201.770988,7
2859,Rnd_2860,-13.823762,-6.712563,227.013807,7
2860,Rnd_2861,-2.145904,31.729333,27.870052,3
2861,Rnd_2862,7.818862,-22.490930,747.083952,12
2862,Rnd_2863,5.658841,-9.008397,518.150771,11
2863,Rnd_2864,-11.115173,5.783206,153.408421,6
2864,Rnd_2865,15.658739,-11.989084,350.443014,8
2865,Rnd_2866,3.879686,-10.932195,308.969915,8
2866,Rnd_2867,0.574225,5.314138,154.997162,6
2867,Rnd_2868,18.218143,0.983604,235.926690,7
2868,Rnd_2869,4.565654,-15.740288,652.456326,12
2869,Rnd_2870,2.293770,-18.716929,670.038955,12
2870,Rnd_2871,10.111827,-4.626908,298.405323,8
2871,Rnd_2872,4.947987,-4.916247,280.221223,8
2872,Rnd_2873,-7.885099,-6.660575,343.282295,9
2873,Rnd_2874,-20.899360,18.824732,91.833861,5
2874,Rnd_2875,8.331089,-13.986257,566.720500,11
2875,Rnd_2876,3.057874,-8.604801,360.858746,9
2876,Rnd_2877,1.251034,-17.628300,495.200552,10
2877,Rnd_2878,8.056703,-19.574458,711.768530,12
2878,Rnd_2879,7.970492,-16.854621,673.054403,12
2879,Rnd_2880,3.254520,-19.334961,600.386666,11
2880,Rnd_2881,3.119537,-13.274786,468.260991,10
2881,Rnd_2882,2.849796,-0.504369,215.265479,7
2882,Rnd_2883,10.214520,7.360613,167.000940,6
2883,Rnd_2884,5.145364,-19.995694,608.554788,11
2884,Rnd_2885,8.250182,-20.504541,542.313851,10
2885,Rnd_2886,2.937192,-3.309135,273.896932,8
2886,Rnd_2887,2.896994,-5.853559,413.052255,10
2887,Rnd_2888,6.616334,-21.203585,723.938400,12
2888,Rnd_2889,-16.265159,21.452481,56.014808,4
2889,Rnd_2890,4.552917,-11.199938,452.062702,10
2890,Rnd_2891,0.680887,-12.285339,380.309700,9
2891,Rnd_2892,3.142429,-13.014184,390.961101,9
2892,Rnd_2893,-12.378402,28.935247,30.785870,3
2893,Rnd_2894,-20.783322,3.180708,156.830761,6
2894,Rnd_2895,6.542070,-21.257967,720.397228,12
2895,Rnd_2896,-21.739656,1.800205,155.058776,6
2896,Rnd_2897,19.600649,12.002163,164.062068,6
2897,Rnd_2898,2.394010,31.701642,39.472432,3
2898,Rnd_2899,-21.575378,17.486398,66.252709,4
2899,Rnd_2900,14.162180,12.677116,114.992527,5
2900,Rnd_2901,-17.040462,22.395163,65.526236,4
2901,Rnd_2902,-11.768991,12.573251,93.023429,5
2902,Rnd_2903,10.965708,10.158265,156.053463,6
2903,Rnd_2904,8.097857,-10.715093,455.846574,10
2904,Rnd_2905,1.790495,-2.524516,323.183666,9
2905,Rnd_2906,4.693601,-18.431579,677.628981,12
2906,Rnd_2907,6.667800,-5.357742,292.779461,8
2907,Rnd_2908,-7.119558,-15.049177,260.320267,7
2908,Rnd_2909,-21.394366,28.850642,36.356191,3
2909,Rnd_2910,9.367793,4.607506,334.598363,9
2910,Rnd_2911,-20.747016,18.312095,62.849122,4
2911,Rnd_2912,10.226720,-6.500492,307.336872,8
2912,Rnd_2913,-21.220104,11.120093,72.571719,4
2913,Rnd_2914,-19.381269,-5.926137,219.563065,7
2914,Rnd_2915,3.470280,-11.809089,455.253215,10
2915,Rnd_2916,4.669646,-18.749433,598.800538,11
2916,Rnd_2917,20.412802,1.299731,241.968941,7
2917,Rnd_2918,13.740928,-5.365581,312.165916,8
2918,Rnd_2919,5.499181,-18.151667,679.756279,12
2919,Rnd_2920,7.267039,7.373034,155.717976,6
2920,Rnd_2921,-5.877666,-12.768061,309.631571,8
2921,Rnd_2922,-3.156220,-6.133805,289.448902,8
2922,Rnd_2923,-0.531180,3.955797,187.842691,7
2923,Rnd_2924,-7.333306,-4.887014,220.133087,7
2924,Rnd_2925,-3.709602,6.734761,147.627498,6
2925,Rnd_2926,-13.232814,-9.861858,235.121197,7
2926,Rnd_2927,16.299561,-4.831710,385.974271,9
2927,Rnd_2928,8.452611,-12.498620,552.512026,11
2928,Rnd_2929,-19.928814,-7.849789,228.541450,7
2929,Rnd_2930,-3.388201,2.976041,203.655090,7
2930,Rnd_2931,3.220015,-2.372720,267.461098,8
2931,Rnd_2932,-0.556300,21.162156,92.911668,5
2932,Rnd_2933,13.545788,-6.226359,315.429107,8
2933,Rnd_2934,4.684917,4.694115,198.745914,7
2934,Rnd_2935,14.380560,24.079615,105.084292,5
2935,Rnd_2936,-6.708526,-11.585967,307.550845,8
2936,Rnd_2937,-3.487079,10.474917,135.241068,6
2937,Rnd_2938,-11.187935,14.669069,88.929535,5
2938,Rnd_2939,9.669749,-13.176596,495.514523,10
2939,Rnd_2940,-14.520512,0.133412,120.083449,5
2940,Rnd_2941,-20.980804,-8.494830,180.212654,6
2941,Rnd_2942,-22.659321,21.451315,60.503287,4
2942,Rnd_2943,3.196248,-0.393501,273.827915,8
2943,Rnd_2944,6.884617,-19.660838,708.126290,12
2944,Rnd_2945,19.083425,13.152106,159.726403,6
2945,Rnd_2946,4.532075,1.273810,211.568129,7
2946,Rnd_2947,-5.010494,22.765190,63.342142,4
2947,Rnd_2948,-20.125613,21.395707,57.807266,4
2948,Rnd_2949,-9.833062,26.502305,51.139191,4
2949,Rnd_2950,11.081545,9.168510,149.774006,6
2950,Rnd_2951,8.208374,-8.982632,371.594577,9
2951,Rnd_2952,1.985791,-16.823182,654.223790,12
2952,Rnd_2953,5.161743,-17.911168,679.173751,12
2953,Rnd_2954,11.269402,-1.866065,295.426478,8
2954,Rnd_2955,4.267552,-15.768065,651.399813,12
2955,Rnd_2956,10.184904,5.279450,159.195459,6
2956,Rnd_2957,0.809344,-7.558620,356.230454,9
2957,Rnd_2958,-16.691081,-0.446626,208.511837,7
2958,Rnd_2959,4.305148,-10.153335,372.017498,9
2959,Rnd_2960,2.653680,-19.146880,677.140992,12
2960,Rnd_2961,-7.051596,18.673902,99.359216,5
2961,Rnd_2962,2.607551,-2.425611,267.669800,8
2962,Rnd_2963,-20.632440,13.394900,96.804997,5
2963,Rnd_2964,-11.855624,-0.256574,160.626212,6
2964,Rnd_2965,9.937449,-2.278432,290.895948,8
2965,Rnd_2966,-12.631295,-7.257812,292.513412,8
2966,Rnd_2967,-0.412252,-2.402897,265.481613,8
2967,Rnd_2968,7.132244,-17.059519,504.970050,10
2968,Rnd_2969,-16.735857,27.280897,52.509133,4
2969,Rnd_2970,-0.504121,-11.868209,313.770172,8
2970,Rnd_2971,-10.583377,-15.038415,376.136627,9
2971,Rnd_2972,-7.896302,-13.831652,256.338093,7
2972,Rnd_2973,6.815344,-12.728275,552.786000,11
2973,Rnd_2974,2.597431,-14.818835,473.840826,10
2974,Rnd_2975,15.124358,-4.896011,371.303798,9
2975,Rnd_2976,2.379165,-6.541725,222.697019,7
2976,Rnd_2977,-1.803013,-9.616716,426.584145,10
2977,Rnd_2978,-10.216066,-10.074350,294.178509,8
2978,Rnd_2979,-22.827352,-1.835218,208.277983,7
2979,Rnd_2980,6.733043,-18.393261,603.642139,11
2980,Rnd_2981,4.765913,22.833247,64.675864,4
2981,Rnd_2982,-3.805462,16.503109,98.255544,5
2982,Rnd_2983,14.641231,-8.508224,325.134779,8
2983,Rnd_2984,2.210330,-11.431037,520.104104,11
2984,Rnd_2985,-18.983960,25.884101,29.797102,3
2985,Rnd_2986,10.348204,9.772667,195.644719,7
2986,Rnd_2987,-6.153045,31.667119,26.855837,3
2987,Rnd_2988,4.301587,-14.049493,470.886684,10
2988,Rnd_2989,6.465984,-12.020748,538.890140,11
2989,Rnd_2990,-14.152915,9.318298,137.442176,6
2990,Rnd_2991,1.444157,-20.249327,682.634786,12
2991,Rnd_2992,-0.686178,-3.504345,261.779973,8
2992,Rnd_2993,2.186997,-15.888876,645.161677,12
2993,Rnd_2994,9.991933,-0.064324,346.250826,9
2994,Rnd_2995,4.277137,-11.945983,386.898185,9
2995,Rnd_2996,-0.752163,-4.450357,218.657940,7
2996,Rnd_2997,0.364564,-10.258531,247.182381,7
2997,Rnd_2998,-0.039436,-11.112119,372.789343,9
2998,Rnd_2999,7.341706,-13.585213,475.495718,10
2999,Rnd_3000,7.311156,-17.246319,672.850494,12
3000,Rnd_3001,-15.108388,-8.493229,233.041191,7
3001,Rnd_3002,8.493241,30.783491,68.273770,4
3002,Rnd_3003,-6.392979,0.730412,165.617001,6
3003,Rnd_3004,6.395745,-14.627422,490.054772,10
3004,Rnd_3005,-10.659366,-12.506405,427.944163,10
3005,Rnd_3006,-0.103949,23.185398,105.774285,5
3006,Rnd_3007,0.028053,29.769088,62.014748,4
3007,Rnd_3008,3.339171,-12.273960,453.838041,10
3008,Rnd_3009,2.838327,-18.482815,669.237524,12
3009,Rnd_3010,0.950413,-3.231412,263.345538,8
3010,Rnd_3011,3.532046,-13.836551,624.382689,12
3011,Rnd_3012,13.469372,3.877725,168.654430,6
3012,Rnd_3013,-9.203108,31.264916,24.249373,3
3013,Rnd_3014,9.621149,-1.799018,285.097067,8
3014,Rnd_3015,6.200990,12.436880,154.244093,6
3015,Rnd_3016,15.083874,-10.163563,557.223509,11
3016,Rnd_3017,11.710095,23.453032,141.402514,6
3017,Rnd_3018,-0.931457,-5.242131,222.631334,7
3018,Rnd_3019,5.042037,-18.908160,690.993034,12
3019,Rnd_3020,-14.882943,-7.490915,222.218873,7
3020,Rnd_3021,9.659214,6.862003,212.574419,7
3021,Rnd_3022,-22.566008,-0.786131,163.111209,6
3022,Rnd_3023,14.291876,8.976388,163.029036,6
3023,Rnd_3024,-5.947212,-19.989490,508.652463,10
3024,Rnd_3025,-4.059266,7.549954,142.436303,6
3025,Rnd_3026,3.385261,-8.013662,432.177796,10
3026,Rnd_3027,3.389484,-15.854315,647.823415,12
3027,Rnd_3028,14.013214,11.220276,155.555911,6
3028,Rnd_3029,1.862797,-16.083775,561.922089,11
3029,Rnd_3030,9.233607,16.839640,146.994960,6
3030,Rnd_3031,-7.566882,-9.611394,237.999225,7
3031,Rnd_3032,5.401643,-15.527482,566.031826,11
3032,Rnd_3033,-2.784031,1.729411,202.230394,7
3033,Rnd_3034,3.934879,-17.663813,583.025569,11
3034,Rnd_3035,2.395664,-8.699164,356.990245,9
3035,Rnd_3036,6.320444,-16.716967,667.474986,12
3036,Rnd_3037,-5.643877,17.705125,99.199985,5
3037,Rnd_3038,-11.702725,4.079737,194.575055,7
3038,Rnd_3039,-16.292585,4.008510,156.356711,6
3039,Rnd_3040,7.785581,-18.873053,692.963768,12
3040,Rnd_3041,3.339490,-15.237792,561.136534,11
3041,Rnd_3042,3.698047,-20.304872,609.808159,11
3042,Rnd_3043,-0.363879,-16.370811,638.037489,12
3043,Rnd_3044,14.630558,22.734941,73.594214,4
3044,Rnd_3045,2.868687,-7.249503,422.854583,10
3045,Rnd_3046,-8.038298,-11.292529,364.473465,9
3046,Rnd_3047,1.847498,-12.557027,452.959783,10
3047,Rnd_3048,0.723444,-10.407527,507.394132,11
3048,Rnd_3049,-12.698416,2.960328,252.090628,8
3049,Rnd_3050,-1.426194,-9.991962,502.400574,11
3050,Rnd_3051,-13.696932,-8.561554,232.688191,7
3051,Rnd_3052,3.391801,-10.517230,440.609970,10
3052,Rnd_3053,-19.815854,-3.795883,217.960023,7
3053,Rnd_3054,-0.573299,-3.267695,260.727670,8
3054,Rnd_3055,-0.032988,-18.825487,589.291090,11
3055,Rnd_3056,21.853211,7.360546,180.478087,6
3056,Rnd_3057,3.708378,-17.648522,579.646986,11
3057,Rnd_3058,-3.251683,25.574165,51.697166,4
3058,Rnd_3059,6.814657,-7.619530,306.466109,8
3059,Rnd_3060,3.287865,-16.038360,563.499170,11
3060,Rnd_3061,7.555652,-19.434390,613.009335,11
3061,Rnd_3062,-1.576983,-10.898242,431.532651,10
3062,Rnd_3063,4.444411,-1.524855,219.502904,7
3063,Rnd_3064,-21.179936,-1.972726,163.373423,6
3064,Rnd_3065,-7.983067,-14.709399,381.010044,9
3065,Rnd_3066,19.731956,5.363354,229.941127,7
3066,Rnd_3067,0.565449,-20.630926,682.454050,12
3067,Rnd_3068,-17.599272,12.660085,97.839146,5
3068,Rnd_3069,9.597308,-11.356542,623.527476,12
3069,Rnd_3070,-12.245200,9.426033,105.773469,5
3070,Rnd_3071,-10.990547,-9.538476,231.623637,7
3071,Rnd_3072,4.094331,-15.062638,560.447422,11
3072,Rnd_3073,9.572597,-12.305827,549.592893,11
3073,Rnd_3074,12.659340,5.019324,217.231690,7
3074,Rnd_3075,-6.950586,18.075111,91.398399,5
3075,Rnd_3076,7.368332,-14.956598,643.065738,12
3076,Rnd_3077,5.360233,30.519488,39.981572,3
3077,Rnd_3078,0.115300,-2.510559,261.120528,8
3078,Rnd_3079,13.611696,6.877925,122.373439,5
3079,Rnd_3080,0.624405,8.343036,147.272233,6
3080,Rnd_3081,-3.657937,0.506302,204.485697,7
3081,Rnd_3082,-7.227633,12.471217,101.801773,5
3082,Rnd_3083,-7.370917,-4.437082,222.451879,7
3083,Rnd_3084,13.052126,-10.900839,334.179602,8
3084,Rnd_3085,-4.007438,23.449003,52.562948,4
3085,Rnd_3086,-12.899907,-9.127440,238.753866,7
3086,Rnd_3087,-1.505971,-8.897156,424.705887,10
3087,Rnd_3088,6.869906,-4.544248,294.997448,8
3088,Rnd_3089,11.195937,-9.832210,466.410627,10
3089,Rnd_3090,-20.706631,8.912549,106.254165,5
3090,Rnd_3091,-19.262942,8.300138,101.313779,5
3091,Rnd_3092,3.694869,-18.505853,590.432281,11
3092,Rnd_3093,4.377063,2.690469,203.193380,7
3093,Rnd_3094,2.729860,4.727029,149.822358,6
3094,Rnd_3095,5.201208,-9.012394,439.472850,10
3095,Rnd_3096,8.908569,21.116027,102.026055,5
3096,Rnd_3097,2.806794,-13.774390,542.873411,11
3097,Rnd_3098,10.233121,-17.697116,608.148668,11
3098,Rnd_3099,2.007362,14.851275,137.024491,6
3099,Rnd_3100,-13.911267,-11.222054,298.104909,8
3100,Rnd_3101,-0.996143,9.650143,107.788292,5
3101,Rnd_3102,2.060856,-18.380659,671.853758,12
3102,Rnd_3103,2.671144,-15.340384,477.455702,10
3103,Rnd_3104,-12.005062,21.543884,53.941107,4
3104,Rnd_3105,5.545323,-17.922433,592.545731,11
3105,Rnd_3106,-11.420113,-6.914190,275.498770,8
3106,Rnd_3107,-0.107229,31.866701,30.555119,3
3107,Rnd_3108,10.905026,-2.415609,351.461302,9
3108,Rnd_3109,-16.072241,28.661679,28.668890,3
3109,Rnd_3110,-1.255948,-4.905008,275.364831,8
3110,Rnd_3111,5.103749,-13.681857,547.071210,11
3111,Rnd_3112,0.136163,34.021489,30.225809,3
3112,Rnd_3113,-19.659803,27.456579,64.241386,4
3113,Rnd_3114,6.261462,-14.815985,562.373441,11
3114,Rnd_3115,-0.665837,18.269343,96.424630,5
3115,Rnd_3116,-6.490098,12.045406,132.750881,6
3116,Rnd_3117,1.635413,-10.301077,441.227140,10
3117,Rnd_3118,11.994799,27.446542,68.592806,4
3118,Rnd_3119,0.494111,-4.435410,324.768444,9
3119,Rnd_3120,8.028050,-16.791261,677.029797,12
3120,Rnd_3121,10.402844,-18.974806,713.334376,12
3121,Rnd_3122,10.579525,2.714272,170.671040,6
3122,Rnd_3123,3.312683,-8.576918,429.206851,10
3123,Rnd_3124,-18.638189,8.437774,112.744209,5
3124,Rnd_3125,-3.706213,27.056347,64.974139,4
3125,Rnd_3126,-21.973820,16.853333,66.576306,4
3126,Rnd_3127,0.467689,-16.537923,564.986906,11
3127,Rnd_3128,-20.892682,-6.096260,179.626695,6
3128,Rnd_3129,16.002103,15.675587,108.437522,5
3129,Rnd_3130,16.335696,5.448137,126.376056,5
3130,Rnd_3131,7.013308,-16.419634,581.536098,11
3131,Rnd_3132,-7.275079,0.046121,203.576013,7
3132,Rnd_3133,-18.082723,19.193710,88.545790,5
3133,Rnd_3134,-4.367990,11.450080,97.684100,5
3134,Rnd_3135,5.915676,-18.939241,688.030362,12
3135,Rnd_3136,2.562038,-15.890615,563.420967,11
3136,Rnd_3137,-5.713121,14.107669,93.668917,5
3137,Rnd_3138,-17.464806,18.026992,61.077090,4
3138,Rnd_3139,0.864763,-5.581300,342.267575,9
3139,Rnd_3140,2.121139,-4.553669,330.078758,9
3140,Rnd_3141,5.179568,-20.645124,704.904572,12
3141,Rnd_3142,7.066789,-18.625425,602.585851,11
3142,Rnd_3143,-21.240280,19.137633,59.940230,4
3143,Rnd_3144,13.766359,-6.374865,315.845984,8
3144,Rnd_3145,-0.700489,23.713588,57.068948,4
3145,Rnd_3146,-11.360799,-8.659905,228.529652,7
3146,Rnd_3147,9.698328,-1.462685,345.306475,9
3147,Rnd_3148,-13.766014,11.334046,99.459435,5
3148,Rnd_3149,0.081225,0.860904,202.611466,7
3149,Rnd_3150,12.952226,25.104350,102.852627,5
3150,Rnd_3151,8.663508,-2.366314,353.102195,9
3151,Rnd_3152,5.474071,2.479316,209.560886,7
3152,Rnd_3153,-21.599304,0.703724,155.058276,6
3153,Rnd_3154,-11.487453,4.731864,144.081814,6
3154,Rnd_3155,17.979138,20.930979,113.016630,5
3155,Rnd_3156,-23.967269,9.719954,101.472497,5
3156,Rnd_3157,7.109988,-11.509499,544.748231,11
3157,Rnd_3158,0.559262,-8.737271,357.917052,9
3158,Rnd_3159,15.703796,-12.097092,348.969954,8
3159,Rnd_3160,23.107381,11.426050,231.830394,7
3160,Rnd_3161,-1.097516,-3.721867,268.733821,8
3161,Rnd_3162,-7.166649,-10.090236,358.662030,9
3162,Rnd_3163,-0.937057,-3.880753,321.784156,9
3163,Rnd_3164,3.407777,-16.515225,651.802051,12
3164,Rnd_3165,2.526922,-12.283310,318.343152,8
3165,Rnd_3166,-2.728467,1.278151,198.735164,7
3166,Rnd_3167,6.944605,-8.792795,439.741739,10
3167,Rnd_3168,-17.640525,-8.526648,181.834180,6
3168,Rnd_3169,-1.868695,31.707761,28.412644,3
3169,Rnd_3170,2.073458,-19.665025,599.047390,11
3170,Rnd_3171,-4.025168,-17.075948,481.499677,10
3171,Rnd_3172,3.080379,-16.264351,416.128186,9
3172,Rnd_3173,-3.722488,-0.838337,163.530178,6
3173,Rnd_3174,-16.722246,1.642961,153.886157,6
3174,Rnd_3175,4.182534,5.227875,204.469653,7
3175,Rnd_3176,-1.242852,-2.828795,213.663350,7
3176,Rnd_3177,2.379963,-9.091327,302.649260,8
3177,Rnd_3178,18.178627,-15.934593,727.590171,12
3178,Rnd_3179,7.593773,-13.551016,478.363419,10
3179,Rnd_3180,7.824047,-14.804973,564.589773,11
3180,Rnd_3181,0.213855,-9.607876,434.102044,10
3181,Rnd_3182,-9.537966,20.818833,92.580217,5
3182,Rnd_3183,19.792249,12.900735,164.194304,6
3183,Rnd_3184,-8.341657,-5.860260,283.121113,8
3184,Rnd_3185,10.257156,22.452607,106.884783,5
3185,Rnd_3186,1.144011,-3.089376,261.666753,8
3186,Rnd_3187,0.651182,-3.837738,215.684126,7
3187,Rnd_3188,-11.929294,5.097416,151.870379,6
3188,Rnd_3189,18.614290,12.728749,160.402488,6
3189,Rnd_3190,7.650275,16.616179,191.250395,7
3190,Rnd_3191,3.347001,31.506767,61.174536,4
3191,Rnd_3192,3.641089,-11.817994,610.797009,12
3192,Rnd_3193,1.254107,-14.030879,327.915838,8
3193,Rnd_3194,11.477568,-2.586565,357.415767,9
3194,Rnd_3195,-25.176529,12.551003,73.068038,4
3195,Rnd_3196,7.472837,5.904226,211.667365,7
3196,Rnd_3197,6.353742,-14.469625,564.433049,11
3197,Rnd_3198,2.603489,-3.087733,272.252107,8
3198,Rnd_3199,-9.290016,17.902207,84.567722,5
3199,Rnd_3200,9.169674,-16.020013,591.041726,11
3200,Rnd_3201,-0.073699,-3.282145,262.633221,8
3201,Rnd_3202,1.532798,-3.830700,333.528689,9
3202,Rnd_3203,-7.026608,1.887684,150.980735,6
3203,Rnd_3204,-13.375617,-5.200890,169.059922,6
3204,Rnd_3205,8.348016,-9.312818,530.301596,11
3205,Rnd_3206,5.365097,6.782341,204.260831,7
3206,Rnd_3207,7.425232,-20.314364,711.504152,12
3207,Rnd_3208,-2.839208,30.273426,60.115429,4
3208,Rnd_3209,13.405954,10.182463,156.830944,6
3209,Rnd_3210,10.715293,-15.830968,595.260574,11
3210,Rnd_3211,-12.452044,23.289705,52.571331,4
3211,Rnd_3212,-12.896602,-0.856330,162.219937,6
3212,Rnd_3213,-7.446184,4.550510,193.400281,7
3213,Rnd_3214,3.756845,-19.053627,679.359365,12
3214,Rnd_3215,5.238067,-18.152265,675.754826,12
3215,Rnd_3216,7.659979,26.467104,92.140149,5
3216,Rnd_3217,0.084361,6.229642,189.684578,7
3217,Rnd_3218,0.679629,25.307194,86.230988,5
3218,Rnd_3219,4.251902,-9.392331,371.940743,9
3219,Rnd_3220,-24.697671,-0.707302,125.796386,5
3220,Rnd_3221,-9.497808,1.640247,207.922558,7
3221,Rnd_3222,5.408349,3.760247,200.962154,7
3222,Rnd_3223,14.867055,0.822713,230.336335,7
3223,Rnd_3224,6.154616,-17.776004,682.403011,12
3224,Rnd_3225,5.851394,-7.851712,438.739680,10
3225,Rnd_3226,8.601810,-11.926946,553.677037,11
3226,Rnd_3227,-6.770648,-3.988749,217.777048,7
3227,Rnd_3228,4.599920,-6.800092,364.821203,9
3228,Rnd_3229,11.983868,-4.526262,426.737673,10
3229,Rnd_3230,-0.886982,-11.950644,313.628499,8
3230,Rnd_3231,3.581346,-9.133297,431.412340,10
3231,Rnd_3232,8.749498,-19.488255,709.248977,12
3232,Rnd_3233,2.013911,17.278890,96.443966,5
3233,Rnd_3234,6.535004,-18.236998,515.196561,10
3234,Rnd_3235,6.102289,-6.631069,363.305556,9
3235,Rnd_3236,3.690221,29.556551,65.335670,4
3236,Rnd_3237,10.515120,0.798734,270.256047,8
3237,Rnd_3238,0.740688,-8.515083,294.733432,8
3238,Rnd_3239,-6.893688,4.829319,109.460015,5
3239,Rnd_3240,-2.379739,-2.642136,223.134749,7
3240,Rnd_3241,4.519582,-20.343521,698.802024,12
3241,Rnd_3242,-20.627302,5.013629,109.522080,5
3242,Rnd_3243,-5.212841,-4.429927,271.583555,8
3243,Rnd_3244,6.644258,29.658662,63.835290,4
3244,Rnd_3245,1.303825,-15.189414,554.843954,11
3245,Rnd_3246,-6.975839,34.677299,32.207447,3
3246,Rnd_3247,-1.311309,-6.254196,345.578820,9
3247,Rnd_3248,4.185903,-7.671684,298.482714,8
3248,Rnd_3249,6.820422,31.416288,39.353996,3
3249,Rnd_3250,5.154771,-12.755382,541.825062,11
3250,Rnd_3251,-22.086732,7.785991,152.950873,6
3251,Rnd_3252,5.463990,-8.224171,440.522158,10
3252,Rnd_3253,-23.185046,19.781214,62.310364,4
3253,Rnd_3254,13.945908,18.947605,77.757528,4
3254,Rnd_3255,6.060990,-18.213682,597.952487,11
3255,Rnd_3256,-1.798533,-0.923903,151.468227,6
3256,Rnd_3257,17.331436,16.557768,115.705980,5
3257,Rnd_3258,-22.990768,6.843223,104.949796,5
3258,Rnd_3259,3.436585,-14.199781,548.459161,11
3259,Rnd_3260,3.204251,-10.231190,371.461483,9
3260,Rnd_3261,-6.913177,-12.029664,441.225283,10
3261,Rnd_3262,16.263235,6.682904,167.632731,6
3262,Rnd_3263,2.945569,-15.634560,562.110512,11
3263,Rnd_3264,2.409531,-16.464845,654.426506,12
3264,Rnd_3265,-19.702206,26.944579,37.222568,3
3265,Rnd_3266,-2.612953,32.065776,34.541326,3
3266,Rnd_3267,5.837670,25.161775,65.012013,4
3267,Rnd_3268,-19.414038,25.231907,39.183554,3
3268,Rnd_3269,11.087827,0.411610,177.927895,6
3269,Rnd_3270,18.761025,10.474194,123.640384,5
3270,Rnd_3271,-16.326438,-2.795441,223.671762,7
3271,Rnd_3272,13.587518,-1.001533,289.951788,8
3272,Rnd_3273,-14.557069,-3.431437,167.829977,6
3273,Rnd_3274,6.096940,-17.445543,680.925290,12
3274,Rnd_3275,-21.312646,25.611945,31.811886,3
3275,Rnd_3276,5.870171,23.345541,104.445287,5
3276,Rnd_3277,2.274343,-2.247836,333.114930,9
3277,Rnd_3278,7.850585,20.312855,95.006888,5
3278,Rnd_3279,6.097478,-15.416670,488.272164,10
3279,Rnd_3280,5.383007,-9.199445,308.167397,8
3280,Rnd_3281,6.887396,-13.011779,634.590646,12
3281,Rnd_3282,4.382579,-15.701032,651.219090,12
3282,Rnd_3283,4.151840,-14.525659,551.230976,11
3283,Rnd_3284,6.063634,-17.905239,589.595762,11
3284,Rnd_3285,4.003525,-19.235673,690.025997,12
3285,Rnd_3286,-1.018237,4.056394,144.242802,6
3286,Rnd_3287,0.284215,-14.900045,546.228401,11
3287,Rnd_3288,4.248415,-9.017230,305.848114,8
3288,Rnd_3289,5.979068,-6.020149,348.256393,9
3289,Rnd_3290,-0.158782,7.843882,142.909067,6
3290,Rnd_3291,-1.298066,0.867687,189.936032,7
3291,Rnd_3292,5.545046,-11.833558,391.522021,9
3292,Rnd_3293,11.544588,0.562213,278.260702,8
3293,Rnd_3294,6.028568,-21.208277,716.465949,12
3294,Rnd_3295,0.092730,-1.409843,252.069263,8
3295,Rnd_3296,-1.723829,-12.098664,379.311460,9
3296,Rnd_3297,7.052174,-1.273111,286.611661,8
3297,Rnd_3298,1.403037,-4.779512,276.499179,8
3298,Rnd_3299,5.188033,-13.938590,632.631149,12
3299,Rnd_3300,8.611963,-11.827328,538.947504,11
3300,Rnd_3301,5.219662,-9.586015,308.558811,8
3301,Rnd_3302,-22.210299,21.240801,65.546908,4
3302,Rnd_3303,-13.154287,-10.652705,238.699737,7
3303,Rnd_3304,7.287694,-22.313053,740.059252,12
3304,Rnd_3305,4.699596,-14.239316,475.893032,10
3305,Rnd_3306,-0.580816,-9.987988,303.232634,8
3306,Rnd_3307,-0.231051,-5.289215,271.736106,8
3307,Rnd_3308,-3.237992,16.363395,95.535563,5
3308,Rnd_3309,7.567401,-13.584982,408.274512,9
3309,Rnd_3310,2.949525,-9.299272,426.925997,10
3310,Rnd_3311,-0.787177,-15.250666,396.391485,9
3311,Rnd_3312,0.934041,-7.958874,348.884762,9
3312,Rnd_3313,2.081234,-3.425110,326.275988,9
3313,Rnd_3314,5.214240,-9.678153,374.981457,9
3314,Rnd_3315,8.349215,-13.944004,563.428351,11
3315,Rnd_3316,4.228639,-19.727890,606.356805,11
3316,Rnd_3317,4.631952,-16.078211,571.735479,11
3317,Rnd_3318,2.853876,-18.771721,596.268327,11
3318,Rnd_3319,10.082573,18.489284,143.635289,6
3319,Rnd_3320,-28.691555,10.875738,112.553550,5
3320,Rnd_3321,3.543993,-12.294745,532.718919,11
3321,Rnd_3322,1.210141,-1.036454,250.470979,8
3322,Rnd_3323,-1.651113,22.920525,56.766802,4
3323,Rnd_3324,-10.789003,5.660828,149.037067,6
3324,Rnd_3325,9.020219,-13.704269,645.619193,12
3325,Rnd_3326,-7.480235,-2.447417,266.247106,8
3326,Rnd_3327,0.330409,-15.502307,562.769004,11
3327,Rnd_3328,3.001053,-17.576554,580.315314,11
3328,Rnd_3329,5.085841,-16.049774,657.811318,12
3329,Rnd_3330,2.497214,-17.991925,581.109577,11
3330,Rnd_3331,16.584847,13.141704,150.445630,6
3331,Rnd_3332,-2.287028,-9.031324,366.055071,9
3332,Rnd_3333,-14.348321,20.606318,52.839594,4
3333,Rnd_3334,-19.893840,4.532654,150.573933,6
3334,Rnd_3335,3.380700,-16.289484,413.892398,9
3335,Rnd_3336,5.273690,-17.730453,675.498003,12
3336,Rnd_3337,6.084867,-19.762961,699.832935,12
3337,Rnd_3338,-25.218398,15.008295,105.312847,5
3338,Rnd_3339,18.689145,12.028655,120.854268,5
3339,Rnd_3340,-21.020225,16.392307,98.353037,5
3340,Rnd_3341,1.555754,33.612723,55.561271,4
3341,Rnd_3342,-1.526364,22.125564,92.032148,5
3342,Rnd_3343,15.122163,15.365334,109.779312,5
3343,Rnd_3344,-6.248937,-11.617993,369.119050,9
3344,Rnd_3345,-8.485687,-0.720637,210.924296,7
3345,Rnd_3346,1.820699,-10.160825,436.338166,10
3346,Rnd_3347,1.920881,-12.267488,452.454724,10
3347,Rnd_3348,14.535538,16.755467,146.940636,6
3348,Rnd_3349,5.848227,-14.411751,338.518399,8
3349,Rnd_3350,4.408400,-13.840704,398.103673,9
3350,Rnd_3351,15.933064,2.328574,224.752754,7
3351,Rnd_3352,-10.037003,-14.041409,312.016492,8
3352,Rnd_3353,-15.712598,9.956078,102.921246,5
3353,Rnd_3354,-15.720849,26.913050,29.816250,3
3354,Rnd_3355,9.497047,-12.002198,546.979881,11
3355,Rnd_3356,-2.091990,5.622606,134.679580,6
3356,Rnd_3357,19.977611,7.620041,174.576029,6
3357,Rnd_3358,5.770877,-16.857239,495.323434,10
3358,Rnd_3359,-15.213682,-2.441828,169.010532,6
3359,Rnd_3360,-19.119751,18.172036,70.105491,4
3360,Rnd_3361,13.502827,6.880597,123.505608,5
3361,Rnd_3362,-4.864382,14.959168,98.239214,5
3362,Rnd_3363,-11.652514,23.507538,56.804529,4
3363,Rnd_3364,-9.106649,30.665257,33.220120,3
3364,Rnd_3365,9.715211,3.067300,268.242464,8
3365,Rnd_3366,7.665708,-21.709520,732.717244,12
3366,Rnd_3367,14.485355,14.903612,110.994014,5
3367,Rnd_3368,5.036661,-21.259603,626.128171,11
3368,Rnd_3369,5.108553,-16.387035,573.690740,11
3369,Rnd_3370,5.683957,-14.974610,564.258316,11
3370,Rnd_3371,5.863778,-22.564504,733.439641,12
3371,Rnd_3372,5.818802,-1.588293,223.962720,7
3372,Rnd_3373,10.892738,-11.136976,540.114670,11
3373,Rnd_3374,3.790026,11.881774,99.193989,5
3374,Rnd_3375,3.894313,-10.212828,447.553204,10
3375,Rnd_3376,-20.010980,3.690994,112.249008,5
3376,Rnd_3377,-8.710708,-3.747681,174.245013,6
3377,Rnd_3378,0.189809,-3.364275,215.490058,7
3378,Rnd_3379,4.342457,-10.068519,440.560943,10
3379,Rnd_3380,8.427828,-14.334786,492.599693,10
3380,Rnd_3381,-0.369517,19.170551,86.641857,5
3381,Rnd_3382,0.838819,-17.902126,665.091204,12
3382,Rnd_3383,-3.471842,21.451510,95.293052,5
3383,Rnd_3384,3.204683,27.603485,53.041195,4
3384,Rnd_3385,6.570130,-10.823933,387.788063,9
3385,Rnd_3386,10.308913,17.930927,100.596074,5
3386,Rnd_3387,-0.853366,-5.014144,273.332402,8
3387,Rnd_3388,0.925069,-12.257323,614.296605,12
3388,Rnd_3389,-7.546921,4.043882,111.489715,5
3389,Rnd_3390,22.445247,18.064272,176.972153,6
3390,Rnd_3391,4.878771,12.618456,143.430500,6
3391,Rnd_3392,6.153136,-21.179486,720.642092,12
3392,Rnd_3393,14.509108,6.557726,162.635217,6
3393,Rnd_3394,4.282534,-19.231743,594.143391,11
3394,Rnd_3395,-6.725433,32.677492,55.034591,4
3395,Rnd_3396,-1.544006,9.580802,136.511486,6
3396,Rnd_3397,7.041054,-16.903054,673.489521,12
3397,Rnd_3398,-2.274786,33.731907,49.961788,4
3398,Rnd_3399,7.303601,-17.201766,512.859285,10
3399,Rnd_3400,3.828333,-9.896737,371.912924,9
3400,Rnd_3401,6.909935,7.996263,149.669611,6
3401,Rnd_3402,-16.280601,-9.939415,289.247434,8
3402,Rnd_3403,-11.849411,29.198473,29.203800,3
3403,Rnd_3404,1.094299,-0.422563,220.164739,7
3404,Rnd_3405,-19.343637,-3.874147,128.086284,5
3405,Rnd_3406,7.799081,-12.274646,475.811239,10
3406,Rnd_3407,-7.945576,-10.807330,303.951001,8
3407,Rnd_3408,10.116900,16.415770,111.853334,5
3408,Rnd_3409,2.367180,-4.423526,334.186934,9
3409,Rnd_3410,6.782702,1.144464,218.666956,7
3410,Rnd_3411,-12.264825,10.785130,95.260441,5
3411,Rnd_3412,6.999821,-17.415850,590.035184,11
3412,Rnd_3413,2.191969,-5.927036,337.662762,9
3413,Rnd_3414,4.275744,-19.892663,694.344632,12
3414,Rnd_3415,-2.590021,34.762677,39.095497,3
3415,Rnd_3416,-3.038796,28.625007,65.961406,4
3416,Rnd_3417,8.887796,-19.721456,626.154164,11
3417,Rnd_3418,18.806276,7.681311,215.484574,7
3418,Rnd_3419,0.977622,-18.162865,501.145842,10
3419,Rnd_3420,1.036714,1.843953,206.301502,7
3420,Rnd_3421,-8.951835,22.944907,54.968794,4
3421,Rnd_3422,3.192384,-14.851980,481.621638,10
3422,Rnd_3423,6.661120,1.607963,216.473935,7
3423,Rnd_3424,-4.044451,-18.414862,417.648852,9
3424,Rnd_3425,0.828322,-2.064532,204.972171,7
3425,Rnd_3426,-1.319346,1.300887,184.933678,7
3426,Rnd_3427,-8.310829,23.743992,50.825613,4
3427,Rnd_3428,-8.231893,-13.773975,318.049170,8
3428,Rnd_3429,13.986363,4.642310,216.655846,7
3429,Rnd_3430,-4.283794,7.241575,187.671245,7
3430,Rnd_3431,-9.289938,-6.951654,227.295074,7
3431,Rnd_3432,21.147693,-0.575816,304.634841,8
3432,Rnd_3433,5.103701,-15.894287,653.340432,12
3433,Rnd_3434,-17.059593,-7.551873,178.770056,6
3434,Rnd_3435,4.691341,-15.979069,346.359729,8
3435,Rnd_3436,0.751042,-8.913578,241.344300,7
3436,Rnd_3437,2.253845,26.650474,56.414254,4
3437,Rnd_3438,5.675396,-14.008575,554.041180,11
3438,Rnd_3439,3.227010,-0.480613,270.000734,8
3439,Rnd_3440,16.123608,20.364118,75.388149,4
3440,Rnd_3441,17.126952,28.587583,166.109233,6
3441,Rnd_3442,-23.854554,1.512560,120.254792,5
3442,Rnd_3443,5.108638,-17.082710,577.586564,11
3443,Rnd_3444,-12.486077,0.915441,154.383991,6
3444,Rnd_3445,0.100457,-1.546011,205.334843,7
3445,Rnd_3446,-11.171313,1.227111,156.671680,6
3446,Rnd_3447,18.811421,10.008227,130.973760,5
3447,Rnd_3448,13.538797,-9.166592,392.910898,9
3448,Rnd_3449,8.895566,-2.013941,232.524871,7
3449,Rnd_3450,-23.775964,6.341425,110.024268,5
3450,Rnd_3451,4.685392,-8.828645,303.765318,8
3451,Rnd_3452,1.462742,-14.000802,472.589618,10
3452,Rnd_3453,6.533961,10.796131,144.861122,6
3453,Rnd_3454,-25.526203,8.585265,74.563959,4
3454,Rnd_3455,12.706479,-4.936417,244.090347,7
3455,Rnd_3456,-7.481520,2.537366,158.232155,6
3456,Rnd_3457,7.552898,17.348657,100.103385,5
3457,Rnd_3458,-25.029023,20.447262,67.685322,4
3458,Rnd_3459,4.749367,-11.184217,454.829549,10
3459,Rnd_3460,23.479405,17.665708,283.206170,8
3460,Rnd_3461,-15.738428,28.508739,33.462132,3
3461,Rnd_3462,3.197245,-20.514911,699.307377,12
3462,Rnd_3463,3.390261,-9.673557,365.963359,9
3463,Rnd_3464,-14.658116,1.696047,156.259069,6
3464,Rnd_3465,3.463689,-8.631026,430.540166,10
3465,Rnd_3466,-0.350579,-12.867700,455.504388,10
3466,Rnd_3467,0.970940,-15.759329,633.836031,12
3467,Rnd_3468,-0.260448,-7.135295,285.009442,8
3468,Rnd_3469,2.116198,-8.363031,352.934387,9
3469,Rnd_3470,-13.215417,8.246998,142.246794,6
3470,Rnd_3471,1.512424,10.552662,154.094629,6
3471,Rnd_3472,-5.175012,-1.402770,261.594871,8
3472,Rnd_3473,4.141236,-10.240000,371.619942,9
3473,Rnd_3474,6.269646,-10.343129,448.845162,10
3474,Rnd_3475,4.168316,-9.931012,512.192475,11
3475,Rnd_3476,8.976524,28.808244,69.669080,4
3476,Rnd_3477,-30.189781,-0.864168,296.425451,8
3477,Rnd_3478,1.464275,-12.434555,381.150976,9
3478,Rnd_3479,18.118919,4.430834,180.156828,6
3479,Rnd_3480,-4.480441,11.121902,134.457567,6
3480,Rnd_3481,5.383378,-13.692189,471.641044,10
3481,Rnd_3482,19.140632,19.575105,119.401659,5
3482,Rnd_3483,-3.781176,4.606634,143.690739,6
3483,Rnd_3484,4.047959,-14.953113,563.830038,11
3484,Rnd_3485,4.984976,-14.584149,557.165678,11
3485,Rnd_3486,-1.797061,-11.879109,447.518218,10
3486,Rnd_3487,-18.301315,26.184364,35.143232,3
3487,Rnd_3488,3.603736,-9.362129,431.893975,10
3488,Rnd_3489,4.158355,-12.153609,531.576946,11
3489,Rnd_3490,7.017525,23.705613,98.971215,5
3490,Rnd_3491,-19.124615,-7.154903,177.651174,6
3491,Rnd_3492,6.347601,-20.863129,712.574507,12
3492,Rnd_3493,6.490530,-8.395569,443.316517,10
3493,Rnd_3494,7.584921,-24.023107,763.842133,12
3494,Rnd_3495,-26.561598,0.400521,129.972135,5
3495,Rnd_3496,9.201708,14.303718,144.112737,6
3496,Rnd_3497,0.551800,-13.096757,540.229263,11
3497,Rnd_3498,10.196338,23.468034,137.901344,6
3498,Rnd_3499,11.486767,11.478970,113.275679,5
3499,Rnd_3500,2.788824,28.535764,60.352754,4
3500,Rnd_3501,6.495329,-13.540034,483.665647,10
3501,Rnd_3502,16.910588,20.404145,75.242888,4
3502,Rnd_3503,3.269586,15.345748,137.907122,6
3503,Rnd_3504,-26.244125,3.406384,115.340289,5
3504,Rnd_3505,5.373611,7.614837,193.944141,7
3505,Rnd_3506,-9.029242,-11.520017,359.147937,9
3506,Rnd_3507,3.126475,-18.498909,678.067828,12
3507,Rnd_3508,15.477910,14.142406,155.935743,6
3508,Rnd_3509,-19.631451,-13.166219,336.304049,8
3509,Rnd_3510,-10.984308,21.294736,95.499165,5
3510,Rnd_3511,5.847533,13.813124,144.309256,6
3511,Rnd_3512,-22.729285,21.932992,39.826360,3
3512,Rnd_3513,7.326715,-12.599307,548.760675,11
3513,Rnd_3514,-3.683339,32.080161,29.221717,3
3514,Rnd_3515,-26.467801,10.320982,71.533530,4
3515,Rnd_3516,0.337592,-4.106524,268.436587,8
3516,Rnd_3517,-14.741653,29.908948,27.592479,3
3517,Rnd_3518,6.934445,-5.066646,352.393840,9
3518,Rnd_3519,-16.374522,-4.437988,275.646499,8
3519,Rnd_3520,17.136278,21.449674,74.785869,4
3520,Rnd_3521,10.883790,3.698030,223.300454,7
3521,Rnd_3522,3.952185,-10.601315,514.493780,11
3522,Rnd_3523,1.677463,8.522490,194.664258,7
3523,Rnd_3524,-3.406980,7.897407,126.722194,6
3524,Rnd_3525,-29.377328,1.621622,225.684257,7
3525,Rnd_3526,3.112505,29.138111,93.325310,5
3526,Rnd_3527,4.632810,-18.670942,597.647433,11
3527,Rnd_3528,0.991025,24.400314,60.990504,4
3528,Rnd_3529,18.436597,8.643167,172.776393,6
3529,Rnd_3530,4.533290,-7.829122,360.441426,9
3530,Rnd_3531,2.808326,-19.199646,682.615017,12
3531,Rnd_3532,13.309530,-10.465689,401.577779,9
3532,Rnd_3533,-13.476034,17.068521,92.918130,5
3533,Rnd_3534,-21.033102,22.207960,63.216096,4
3534,Rnd_3535,-26.436001,13.027177,72.323196,4
3535,Rnd_3536,6.548550,-12.412060,470.860685,10
3536,Rnd_3537,3.161764,-19.884076,691.085037,12
3537,Rnd_3538,-0.196607,-9.394082,425.320890,10
3538,Rnd_3539,6.318365,-20.725200,710.719082,12
3539,Rnd_3540,8.613173,-14.710505,565.963148,11
3540,Rnd_3541,-9.365220,7.305592,186.721571,7
3541,Rnd_3542,8.369125,28.928189,69.720062,4
3542,Rnd_3543,1.672864,-16.833509,570.515785,11
3543,Rnd_3544,6.158359,-8.486248,445.577178,10
3544,Rnd_3545,-20.309370,11.821952,141.571003,6
3545,Rnd_3546,6.892385,-1.918055,280.814193,8
3546,Rnd_3547,-1.453613,2.922111,149.984162,6
3547,Rnd_3548,3.725934,-8.342825,303.590997,8
3548,Rnd_3549,1.305415,-5.113100,400.847621,10
3549,Rnd_3550,-4.228052,-14.413041,389.186355,9
3550,Rnd_3551,1.658451,-16.128501,478.683276,10
3551,Rnd_3552,-0.499481,4.349741,206.779203,7
3552,Rnd_3553,2.077892,-8.512001,498.779442,11
3553,Rnd_3554,-0.304082,-11.563634,368.853719,9
3554,Rnd_3555,9.359333,-17.613274,599.558553,11
3555,Rnd_3556,2.141814,-11.414228,440.096312,10
3556,Rnd_3557,7.862328,-14.187231,652.504779,12
3557,Rnd_3558,13.133352,14.165648,153.253223,6
3558,Rnd_3559,6.001498,24.741745,61.995920,4
3559,Rnd_3560,5.454584,30.206658,61.006312,4
3560,Rnd_3561,10.434232,-3.990633,301.360438,8
3561,Rnd_3562,7.716618,-21.975003,736.890550,12
3562,Rnd_3563,-0.953843,-7.001443,284.241478,8
3563,Rnd_3564,4.315255,-17.815053,585.811390,11
3564,Rnd_3565,-12.087030,-4.037324,218.076206,7
3565,Rnd_3566,0.030201,-16.808759,484.920251,10
3566,Rnd_3567,21.667400,5.100345,350.689758,9
3567,Rnd_3568,5.210023,-14.245444,632.896871,12
3568,Rnd_3569,9.615128,-1.389421,227.707103,7
3569,Rnd_3570,-30.429741,-1.159573,299.307141,8
3570,Rnd_3571,10.103848,23.591566,68.116893,4
3571,Rnd_3572,6.992702,-12.971990,473.491458,10
3572,Rnd_3573,5.570360,-21.066745,714.639076,12
3573,Rnd_3574,20.562750,14.268742,124.260872,5
3574,Rnd_3575,-9.655641,11.504650,105.381383,5
3575,Rnd_3576,-3.901563,22.655884,57.777445,4
3576,Rnd_3577,21.257537,10.667839,215.094527,7
3577,Rnd_3578,15.009967,22.161864,108.698688,5
3578,Rnd_3579,5.729346,-15.908376,493.405169,10
3579,Rnd_3580,-23.510681,13.136119,100.169116,5
3580,Rnd_3581,11.536584,16.590031,106.263685,5
3581,Rnd_3582,11.848147,-2.285517,423.888934,10
3582,Rnd_3583,8.734614,27.387139,70.097253,4
3583,Rnd_3584,2.119547,-12.995027,532.699669,11
3584,Rnd_3585,0.008992,4.639000,141.485313,6
3585,Rnd_3586,8.164194,-18.313616,696.574089,12
3586,Rnd_3587,-1.118982,-5.091095,336.766786,9
3587,Rnd_3588,-9.769043,28.861612,30.152642,3
3588,Rnd_3589,4.001253,-16.707867,495.790007,10
3589,Rnd_3590,-1.983790,-4.211907,268.426991,8
3590,Rnd_3591,4.342325,-19.686970,687.228658,12
3591,Rnd_3592,2.138295,-15.780497,477.997468,10
3592,Rnd_3593,-13.891765,24.991906,48.473197,4
3593,Rnd_3594,7.975285,-24.573349,774.866964,12
3594,Rnd_3595,-1.154028,-8.469104,432.623000,10
3595,Rnd_3596,3.354654,17.011166,102.902215,5
3596,Rnd_3597,1.361587,-3.788130,327.585701,9
3597,Rnd_3598,3.799381,-9.555519,367.422968,9
3598,Rnd_3599,1.833583,-16.942094,569.885853,11
3599,Rnd_3600,16.625893,2.934522,220.993594,7
3600,Rnd_3601,-11.599008,-1.196695,215.031301,7
3601,Rnd_3602,6.482070,-10.423356,385.789536,9
3602,Rnd_3603,0.131874,-0.071882,247.455022,8
3603,Rnd_3604,2.335215,-17.311850,491.633861,10
3604,Rnd_3605,18.505564,-0.806615,301.214453,8
3605,Rnd_3606,-3.681269,-3.375169,275.425378,8
3606,Rnd_3607,5.420991,-11.439474,455.769490,10
3607,Rnd_3608,-19.665680,23.838627,56.426348,4
3608,Rnd_3609,15.161916,0.543008,231.565340,7
3609,Rnd_3610,14.608689,-7.568306,324.851322,8
3610,Rnd_3611,3.077620,18.773480,96.846603,5
3611,Rnd_3612,-9.698910,30.637793,28.000797,3
3612,Rnd_3613,7.407661,-13.381586,551.946399,11
3613,Rnd_3614,1.633891,-2.590238,260.560736,8
3614,Rnd_3615,17.796790,-0.610984,293.376360,8
3615,Rnd_3616,-6.995217,-9.143080,297.843171,8
3616,Rnd_3617,5.762598,-14.024672,558.181604,11
3617,Rnd_3618,-18.693440,-9.927205,239.263882,7
3618,Rnd_3619,0.458290,-14.975537,472.834909,10
3619,Rnd_3620,4.101110,-11.527295,606.095252,12
3620,Rnd_3621,4.484319,-8.009480,363.786829,9
3621,Rnd_3622,-7.204765,13.365286,90.929637,5
3622,Rnd_3623,0.965584,-14.204826,395.798434,9
3623,Rnd_3624,11.259786,17.228710,111.592066,5
3624,Rnd_3625,4.972241,-6.143077,351.310195,9
3625,Rnd_3626,-1.262612,18.674196,135.021892,6
3626,Rnd_3627,-9.588293,-6.295966,273.653979,8
3627,Rnd_3628,1.154160,-2.520241,258.158926,8
3628,Rnd_3629,-9.242882,2.587265,205.377674,7
3629,Rnd_3630,0.312071,-3.653075,267.705473,8
3630,Rnd_3631,5.362584,-15.411394,487.409403,10
3631,Rnd_3632,-4.302520,-18.542162,419.260702,9
3632,Rnd_3633,19.822433,-0.692341,239.529651,7
3633,Rnd_3634,-0.107873,-5.021303,273.505493,8
3634,Rnd_3635,1.269875,-1.184479,265.465796,8
3635,Rnd_3636,1.016567,16.464812,101.066588,5
3636,Rnd_3637,6.477687,-15.899238,661.621813,12
3637,Rnd_3638,0.447481,14.197048,97.075986,5
3638,Rnd_3639,2.490967,-8.084376,424.781940,10
3639,Rnd_3640,0.641623,-9.300460,296.255842,8
3640,Rnd_3641,-24.539360,5.894201,107.028215,5
3641,Rnd_3642,-0.808317,-17.303488,567.400557,11
3642,Rnd_3643,-24.136523,2.087058,153.230165,6
3643,Rnd_3644,11.301552,10.318684,155.816084,6
3644,Rnd_3645,5.580416,-18.083830,678.361864,12
3645,Rnd_3646,6.659797,-17.114492,581.567345,11
3646,Rnd_3647,-5.120589,13.762759,98.224604,5
3647,Rnd_3648,-22.769986,13.952617,97.769526,5
3648,Rnd_3649,-19.783025,-2.262174,161.091680,6
3649,Rnd_3650,-8.105504,-7.965532,292.732311,8
3650,Rnd_3651,4.627742,-17.880764,668.408560,12
3651,Rnd_3652,-7.077202,9.307160,141.336355,6
3652,Rnd_3653,-20.535237,-2.821090,160.697988,6
3653,Rnd_3654,2.020735,-9.596107,298.790532,8
3654,Rnd_3655,1.613049,-9.171665,430.695699,10
3655,Rnd_3656,2.999386,-19.660452,687.075962,12
3656,Rnd_3657,0.074703,27.511159,58.614091,4
3657,Rnd_3658,5.410812,-15.576540,491.997345,10
3658,Rnd_3659,3.157888,-17.756431,498.532878,10
3659,Rnd_3660,-2.726026,4.156051,203.337430,7
3660,Rnd_3661,-5.677168,-2.790290,331.886419,9
3661,Rnd_3662,7.729539,-11.671371,393.027352,9
3662,Rnd_3663,1.674729,25.165289,91.795113,5
3663,Rnd_3664,-21.497591,13.587479,104.921198,5
3664,Rnd_3665,-0.912444,-12.814171,531.050413,11
3665,Rnd_3666,-0.884206,-15.928277,556.393271,11
3666,Rnd_3667,12.412125,-5.897992,374.129903,9
3667,Rnd_3668,-26.725033,10.077318,113.575259,5
3668,Rnd_3669,5.724376,-19.334153,691.699897,12
3669,Rnd_3670,-7.851561,10.443490,102.981104,5
3670,Rnd_3671,0.243689,-11.493219,377.782760,9
3671,Rnd_3672,8.617425,-15.474430,673.927822,12
3672,Rnd_3673,-10.599155,7.164992,107.272779,5
3673,Rnd_3674,10.248360,21.101428,136.186199,6
3674,Rnd_3675,2.264504,-12.955424,385.927254,9
3675,Rnd_3676,-15.936253,-3.303545,166.698283,6
3676,Rnd_3677,15.343153,-7.510679,381.923067,9
3677,Rnd_3678,-9.243454,-8.310354,283.321319,8
3678,Rnd_3679,4.319839,23.952564,61.873242,4
3679,Rnd_3680,5.905999,-18.249872,684.734442,12
3680,Rnd_3681,5.010002,-15.622853,568.481482,11
3681,Rnd_3682,-4.053712,22.719832,56.610454,4
3682,Rnd_3683,6.024252,-14.184204,479.984797,10
3683,Rnd_3684,5.402575,-12.745231,329.268714,8
3684,Rnd_3685,-23.204126,16.895027,91.861023,5
3685,Rnd_3686,1.806038,-3.376398,264.851566,8
3686,Rnd_3687,2.446244,-9.664332,301.826532,8
3687,Rnd_3688,2.870415,-13.172231,389.783066,9
3688,Rnd_3689,3.569724,-13.403507,465.344590,10
3689,Rnd_3690,-1.972215,-4.904246,220.868454,7
3690,Rnd_3691,0.448452,-14.809040,470.408078,10
3691,Rnd_3692,13.391279,15.768068,189.049466,7
3692,Rnd_3693,13.450614,-4.053855,299.599575,8
3693,Rnd_3694,-12.735725,9.163802,97.666688,5
3694,Rnd_3695,3.468058,-13.091342,532.735587,11
3695,Rnd_3696,-10.354108,11.645434,129.762187,6
3696,Rnd_3697,-8.475785,20.807892,56.670575,4
3697,Rnd_3698,-20.029699,7.311386,110.301229,5
3698,Rnd_3699,-15.894371,32.123610,28.643360,3
3699,Rnd_3700,5.260600,-19.860070,700.221236,12
3700,Rnd_3701,-0.154359,-9.971489,368.081666,9
3701,Rnd_3702,7.509756,-20.474183,713.518550,12
3702,Rnd_3703,-6.097570,-1.480919,279.040923,8
3703,Rnd_3704,-2.575981,25.870890,62.773224,4
3704,Rnd_3705,3.007396,-19.740396,696.943887,12
3705,Rnd_3706,7.180642,-16.733900,674.195295,12
3706,Rnd_3707,5.086813,-18.091056,674.922091,12
3707,Rnd_3708,17.171228,-1.270980,308.980140,8
3708,Rnd_3709,4.332605,-16.685721,573.645465,11
3709,Rnd_3710,0.593226,-3.051450,261.860472,8
3710,Rnd_3711,7.621239,-11.594315,469.744690,10
3711,Rnd_3712,7.717117,-13.065016,637.945071,12
3712,Rnd_3713,1.596689,13.017852,113.151663,5
3713,Rnd_3714,3.608457,-9.915093,368.168453,9
3714,Rnd_3715,7.954502,-13.698313,557.945771,11
3715,Rnd_3716,-10.251189,-4.194362,166.856070,6
3716,Rnd_3717,-18.604080,17.092863,64.104337,4
3717,Rnd_3718,-6.332907,10.065711,145.691431,6
3718,Rnd_3719,-7.062790,-11.321686,246.252642,7
3719,Rnd_3720,-9.076406,7.494899,142.631309,6
3720,Rnd_3721,3.588284,-9.357798,366.064273,9
3721,Rnd_3722,-25.912562,8.930675,78.799733,4
3722,Rnd_3723,2.265430,-4.475417,337.579207,9
3723,Rnd_3724,-4.637464,17.398440,93.690433,5
3724,Rnd_3725,8.950083,10.003823,196.613594,7
3725,Rnd_3726,-0.222955,-1.588921,204.791256,7
3726,Rnd_3727,0.033170,-11.856037,377.084172,9
3727,Rnd_3728,12.553272,-2.561281,293.672786,8
3728,Rnd_3729,15.209843,17.808929,112.291124,5
3729,Rnd_3730,-26.512900,12.557241,74.010017,4
3730,Rnd_3731,-6.405597,15.959461,101.284674,5
3731,Rnd_3732,-0.724193,0.766539,190.117851,7
3732,Rnd_3733,0.698406,-2.892216,206.773091,7
3733,Rnd_3734,12.146440,22.343311,71.080132,4
3734,Rnd_3735,6.700904,-13.072397,550.867860,11
3735,Rnd_3736,-0.649225,-8.036154,291.203548,8
3736,Rnd_3737,12.883358,19.047144,77.338343,4
3737,Rnd_3738,-27.146113,12.966508,75.054153,4
3738,Rnd_3739,-0.126457,3.977225,189.419149,7
3739,Rnd_3740,4.967382,-17.495146,586.692872,11
3740,Rnd_3741,6.780996,-17.858530,681.531425,12
3741,Rnd_3742,6.095821,-13.012927,554.345167,11
3742,Rnd_3743,10.814143,-12.463548,478.767870,10
3743,Rnd_3744,11.275871,5.131029,211.032781,7
3744,Rnd_3745,-0.873753,-3.326246,263.755656,8
3745,Rnd_3746,-21.787585,7.000576,108.056473,5
3746,Rnd_3747,3.421487,22.929219,88.418075,5
3747,Rnd_3748,0.035653,10.371776,97.110136,5
3748,Rnd_3749,-25.382947,12.440423,101.818857,5
3749,Rnd_3750,1.261689,-17.109940,567.811935,11
3750,Rnd_3751,19.705099,10.317916,131.505407,5
3751,Rnd_3752,-13.769796,29.737063,24.314239,3
3752,Rnd_3753,7.063472,-15.784442,492.513526,10
3753,Rnd_3754,-24.805409,14.020755,72.610506,4
3754,Rnd_3755,-12.988713,-1.534093,209.608668,7
3755,Rnd_3756,20.486500,2.100891,241.494231,7
3756,Rnd_3757,2.703185,-18.408016,666.263688,12
3757,Rnd_3758,-2.981627,-4.898643,166.943578,6
3758,Rnd_3759,2.852212,-17.713475,576.327461,11
3759,Rnd_3760,-25.137767,22.466458,67.411694,4
3760,Rnd_3761,5.059855,-20.048600,700.188763,12
3761,Rnd_3762,6.377373,-10.318497,378.132561,9
3762,Rnd_3763,0.817992,1.005803,262.319748,8
3763,Rnd_3764,18.621896,23.434746,165.660018,6
3764,Rnd_3765,8.747806,-8.188279,531.042247,11
3765,Rnd_3766,6.545582,-18.899959,689.850905,12
3766,Rnd_3767,-8.292785,11.297399,89.989222,5
3767,Rnd_3768,-12.517156,21.232457,51.867945,4
3768,Rnd_3769,5.695782,-7.612563,431.948671,10
3769,Rnd_3770,-20.091000,27.525101,55.511612,4
3770,Rnd_3771,-12.463629,-12.910665,253.374741,7
3771,Rnd_3772,1.611864,23.951280,62.673723,4
3772,Rnd_3773,-4.484272,22.884133,69.241193,4
3773,Rnd_3774,7.252724,-20.952801,722.371470,12
3774,Rnd_3775,2.567980,-6.293689,283.745984,8
3775,Rnd_3776,4.963013,-16.611340,660.582539,12
3776,Rnd_3777,-18.616395,29.718442,34.670533,3
3777,Rnd_3778,4.939255,-11.419689,386.427771,9
3778,Rnd_3779,-9.752281,10.234670,106.068104,5
3779,Rnd_3780,5.705427,-14.877546,560.652279,11
3780,Rnd_3781,2.846663,7.884357,147.007103,6
3781,Rnd_3782,-14.645255,17.539022,67.547686,4
3782,Rnd_3783,1.229607,6.593492,142.687648,6
3783,Rnd_3784,2.262485,-9.263155,294.789953,8
3784,Rnd_3785,5.349767,30.108757,58.697732,4
3785,Rnd_3786,4.079170,-17.209084,499.607255,10
3786,Rnd_3787,-7.446288,1.494904,160.745719,6
3787,Rnd_3788,0.596318,-16.004497,553.709062,11
3788,Rnd_3789,3.209657,-13.197277,392.073501,9
3789,Rnd_3790,1.146049,-10.878480,442.442196,10
3790,Rnd_3791,-19.938042,20.429464,61.883534,4
3791,Rnd_3792,-5.095715,-2.317675,216.636242,7
3792,Rnd_3793,3.828830,-15.460643,407.300199,9
3793,Rnd_3794,-10.489117,14.240672,93.569430,5
3794,Rnd_3795,-5.253869,15.186396,91.889173,5
3795,Rnd_3796,-13.586859,4.963544,117.539133,5
3796,Rnd_3797,8.333012,-11.999013,546.582374,11
3797,Rnd_3798,0.592983,-0.718733,198.155130,7
3798,Rnd_3799,-3.839615,16.275350,92.505998,5
3799,Rnd_3800,4.912456,5.346921,164.771086,6
3800,Rnd_3801,8.983072,-14.246441,567.590899,11
3801,Rnd_3802,7.092628,-21.532308,735.148633,12
3802,Rnd_3803,-5.601684,1.393618,251.971388,8
3803,Rnd_3804,-6.024994,-4.957215,333.902722,9
3804,Rnd_3805,5.593469,-6.002703,355.692773,9
3805,Rnd_3806,1.268692,-14.904714,400.522616,9
3806,Rnd_3807,22.405897,0.974251,313.168386,8
3807,Rnd_3808,-7.256661,-6.518307,284.400155,8
3808,Rnd_3809,-4.326913,26.944079,52.212318,4
3809,Rnd_3810,11.103759,-12.805280,643.071181,12
3810,Rnd_3811,8.286053,-14.960153,492.359978,10
3811,Rnd_3812,1.601348,-14.897398,548.195526,11
3812,Rnd_3813,3.728059,-10.791061,511.309177,11
3813,Rnd_3814,7.192084,-11.115508,530.401279,11
3814,Rnd_3815,2.318148,-5.936755,337.301873,9
3815,Rnd_3816,0.420371,-11.261640,373.277020,9
3816,Rnd_3817,3.073704,-17.700913,576.865959,11
3817,Rnd_3818,-26.699799,4.353477,120.029023,5
3818,Rnd_3819,-12.669692,15.568209,96.112731,5
3819,Rnd_3820,-6.980152,-7.608796,286.425364,8
3820,Rnd_3821,-7.729409,8.458719,137.612336,6
3821,Rnd_3822,2.209316,-16.714624,647.525436,12
3822,Rnd_3823,1.805470,-8.727807,421.617437,10
3823,Rnd_3824,-24.385684,12.852381,107.509705,5
3824,Rnd_3825,0.833491,-4.585724,272.526069,8
3825,Rnd_3826,4.290347,-13.614353,468.677670,10
3826,Rnd_3827,-18.846297,-3.372135,163.098401,6
3827,Rnd_3828,5.870040,22.988154,100.192965,5
3828,Rnd_3829,15.593334,-3.229990,249.427020,7
3829,Rnd_3830,-5.906601,17.073011,94.993784,5
3830,Rnd_3831,-1.516923,-6.397561,282.345744,8
3831,Rnd_3832,2.849903,-7.417035,351.653145,9
3832,Rnd_3833,0.858926,-20.741580,605.853050,11
3833,Rnd_3834,9.715423,22.725892,101.155628,5
3834,Rnd_3835,7.776581,-17.016938,592.339433,11
3835,Rnd_3836,1.848818,-12.302860,383.987478,9
3836,Rnd_3837,19.948117,8.311112,165.730403,6
3837,Rnd_3838,5.455782,0.938141,266.472831,8
3838,Rnd_3839,6.268798,-18.600584,597.710525,11
3839,Rnd_3840,-18.050281,-12.312877,250.619082,7
3840,Rnd_3841,9.883765,3.653248,213.038962,7
3841,Rnd_3842,8.202629,22.642630,70.723568,4
3842,Rnd_3843,2.426865,-18.892677,590.644262,11
3843,Rnd_3844,3.599500,-15.955015,483.415283,10
3844,Rnd_3845,-8.930589,-4.319871,165.448849,6
3845,Rnd_3846,-1.269923,-16.462872,557.737353,11
3846,Rnd_3847,1.658634,-18.297441,582.733369,11
3847,Rnd_3848,6.253871,-13.749714,551.752841,11
3848,Rnd_3849,1.266833,-12.378254,452.758570,10
3849,Rnd_3850,6.929938,-16.694567,668.890809,12
3850,Rnd_3851,3.990872,-12.531790,614.437716,12
3851,Rnd_3852,-1.409723,5.011145,141.202781,6
3852,Rnd_3853,-14.693376,-0.927419,158.671213,6
3853,Rnd_3854,12.229602,-5.713394,377.761133,9
3854,Rnd_3855,11.132906,2.724929,222.446117,7
3855,Rnd_3856,-17.806595,27.049926,38.030724,3
3856,Rnd_3857,5.044920,-19.494609,606.826590,11
3857,Rnd_3858,-18.455972,3.524797,115.285277,5
3858,Rnd_3859,6.717341,-18.437017,521.967604,10
3859,Rnd_3860,1.862037,-7.281644,350.479481,9
3860,Rnd_3861,5.033410,7.882595,264.014658,8
3861,Rnd_3862,5.091998,-18.756931,599.589205,11
3862,Rnd_3863,2.158577,-2.408425,215.156303,7
3863,Rnd_3864,-4.120248,4.469285,200.378588,7
3864,Rnd_3865,-1.880691,24.639763,58.909212,4
3865,Rnd_3866,-5.650542,3.018418,202.832566,7
3866,Rnd_3867,3.426807,13.647909,140.284716,6
3867,Rnd_3868,-1.297990,-7.935559,360.409124,9
3868,Rnd_3869,7.530466,-15.563159,657.097333,12
3869,Rnd_3870,-10.803485,12.963250,98.486771,5
3870,Rnd_3871,1.699647,-9.709130,440.816949,10
3871,Rnd_3872,14.983309,20.415735,74.711524,4
3872,Rnd_3873,13.944962,11.675047,152.213909,6
3873,Rnd_3874,4.611761,-22.200463,717.563450,12
3874,Rnd_3875,-2.479907,17.019933,90.060829,5
3875,Rnd_3876,2.366330,-2.323115,263.196851,8
3876,Rnd_3877,-4.930697,-19.258529,420.559020,9
3877,Rnd_3878,2.367029,-4.524381,331.686192,9
3878,Rnd_3879,5.189562,-5.731764,288.945883,8
3879,Rnd_3880,-0.934123,1.909673,197.872638,7
3880,Rnd_3881,3.906176,-3.017546,275.416487,8
3881,Rnd_3882,7.401768,-23.718520,759.447113,12
3882,Rnd_3883,13.843715,0.405745,276.635760,8
3883,Rnd_3884,-14.822269,0.007716,200.197748,7
3884,Rnd_3885,-8.324162,-8.727400,294.445784,8
3885,Rnd_3886,-2.384687,15.392096,94.971845,5
3886,Rnd_3887,3.710208,-8.844657,427.083597,10
3887,Rnd_3888,6.742632,-21.915277,733.844273,12
3888,Rnd_3889,3.970569,-14.661180,479.084286,10
3889,Rnd_3890,7.266667,-5.429958,425.379502,10
3890,Rnd_3891,-10.704258,-0.837622,163.157602,6
3891,Rnd_3892,5.809727,-11.539456,530.261609,11
3892,Rnd_3893,8.649590,-10.917233,539.810493,11
3893,Rnd_3894,-17.198180,13.322489,100.228910,5
3894,Rnd_3895,5.355782,-19.209279,688.915976,12
3895,Rnd_3896,-8.692437,4.607963,153.167185,6
3896,Rnd_3897,7.282300,13.479933,105.358698,5
3897,Rnd_3898,7.781487,-9.669046,316.126085,8
3898,Rnd_3899,21.889279,7.269533,279.230599,8
3899,Rnd_3900,-1.436984,-9.687745,299.692286,8
3900,Rnd_3901,-8.381811,-10.832127,368.315815,9
3901,Rnd_3902,7.673361,-12.557225,469.819944,10
3902,Rnd_3903,7.047638,-21.319895,726.502819,12
3903,Rnd_3904,5.184201,-14.998173,646.854377,12
3904,Rnd_3905,5.299806,-20.140446,698.120729,12
3905,Rnd_3906,6.833260,-15.121199,491.598160,10
3906,Rnd_3907,-20.497767,4.023665,149.267599,6
3907,Rnd_3908,-11.227959,29.442880,30.014331,3
3908,Rnd_3909,-23.365488,7.612859,105.016453,5
3909,Rnd_3910,7.852259,-8.602824,447.678751,10
3910,Rnd_3911,8.078492,-18.694607,692.455731,12
3911,Rnd_3912,6.540880,-1.859132,281.481592,8
3912,Rnd_3913,3.365074,-4.327468,273.836174,8
3913,Rnd_3914,22.032864,6.810584,181.659821,6
3914,Rnd_3915,-7.551122,-16.771894,330.671291,8
3915,Rnd_3916,-21.506990,9.686418,104.486115,5
3916,Rnd_3917,8.033229,-20.756036,545.650903,10
3917,Rnd_3918,-16.234970,5.416822,149.608133,6
3918,Rnd_3919,-1.068540,11.035597,133.239478,6
3919,Rnd_3920,9.885300,-9.628515,387.036827,9
3920,Rnd_3921,7.516199,-17.169845,667.251805,12
3921,Rnd_3922,-1.653136,-5.035451,216.357530,7
3922,Rnd_3923,7.695245,-20.819219,631.984158,11
3923,Rnd_3924,5.884683,-7.326594,363.754395,9
3924,Rnd_3925,4.178479,-18.565589,675.120611,12
3925,Rnd_3926,-24.074737,11.057867,108.569360,5
3926,Rnd_3927,8.484621,-13.558473,478.932241,10
3927,Rnd_3928,4.719152,-15.434277,645.295971,12
3928,Rnd_3929,-16.988178,24.021693,55.561739,4
3929,Rnd_3930,5.054850,-11.104539,527.339049,11
3930,Rnd_3931,-12.922457,11.907418,138.700793,6
3931,Rnd_3932,0.626096,1.706621,265.717404,8
3932,Rnd_3933,5.034904,-18.251879,591.511646,11
3933,Rnd_3934,2.280559,24.483148,59.176280,4
3934,Rnd_3935,-0.409528,-14.536419,469.200929,10
3935,Rnd_3936,6.278397,-20.888451,716.551286,12
3936,Rnd_3937,1.100651,-5.470367,334.494762,9
3937,Rnd_3938,2.707886,5.375755,150.049201,6
3938,Rnd_3939,7.851274,-18.373129,692.846512,12
3939,Rnd_3940,-1.324351,-2.352976,211.254114,7
3940,Rnd_3941,-15.631369,28.385604,50.340140,4
3941,Rnd_3942,2.610844,23.289084,85.482331,5
3942,Rnd_3943,-1.645852,-2.648514,260.388230,8
3943,Rnd_3944,-6.999589,-8.952560,299.854426,8
3944,Rnd_3945,-13.616938,3.881238,153.569181,6
3945,Rnd_3946,-21.221660,-4.898224,212.537119,7
3946,Rnd_3947,6.815679,-23.067009,744.029978,12
3947,Rnd_3948,-0.703775,-13.026462,382.046929,9
3948,Rnd_3949,3.692641,-5.447140,351.078205,9
3949,Rnd_3950,5.782068,-10.962895,447.543468,10
3950,Rnd_3951,4.984647,-10.718123,381.765021,9
3951,Rnd_3952,-11.704031,13.321837,104.138438,5
3952,Rnd_3953,3.407229,-18.023439,676.432953,12
3953,Rnd_3954,2.623291,7.436225,192.915969,7
3954,Rnd_3955,-3.645113,-10.574500,444.348101,10
3955,Rnd_3956,2.830818,-14.771914,628.841844,12
3956,Rnd_3957,-18.531492,-0.659935,123.207901,5
3957,Rnd_3958,4.147469,-14.737090,553.360818,11
3958,Rnd_3959,8.298871,-13.515038,480.080824,10
3959,Rnd_3960,-6.467023,-6.722498,344.820939,9
3960,Rnd_3961,5.241014,-11.725515,532.448473,11
3961,Rnd_3962,-4.317105,22.001053,88.146795,5
3962,Rnd_3963,8.076838,10.010481,204.335166,7
3963,Rnd_3964,6.939789,0.835885,221.723650,7
3964,Rnd_3965,5.215702,-13.568425,633.230534,12
3965,Rnd_3966,5.942866,-20.735079,710.036826,12
3966,Rnd_3967,-3.969975,4.536922,184.869582,7
3967,Rnd_3968,4.082069,-11.521793,526.523856,11
3968,Rnd_3969,0.097780,3.098103,148.611969,6
3969,Rnd_3970,-2.875793,-21.255532,443.039000,9
3970,Rnd_3971,13.859303,20.357788,75.245070,4
3971,Rnd_3972,13.596314,-7.730514,323.049354,8
3972,Rnd_3973,2.438385,-6.806061,343.510179,9
3973,Rnd_3974,13.214541,8.438083,163.862408,6
3974,Rnd_3975,9.074933,26.465620,100.899719,5
3975,Rnd_3976,-7.900092,12.812898,92.070552,5
3976,Rnd_3977,6.600608,-20.606724,622.964299,11
3977,Rnd_3978,3.055687,33.392424,36.888376,3
3978,Rnd_3979,3.427718,13.570056,107.408631,5
3979,Rnd_3980,7.354433,-19.687374,703.964135,12
3980,Rnd_3981,-3.058497,27.634269,52.723028,4
3981,Rnd_3982,6.055143,-15.398455,652.879691,12
3982,Rnd_3983,8.364613,-19.022549,700.171531,12
3983,Rnd_3984,-19.109218,-5.845837,222.295528,7
3984,Rnd_3985,6.888553,-15.117145,482.874156,10
3985,Rnd_3986,1.757171,10.176439,139.495535,6
3986,Rnd_3987,5.466459,-19.082133,687.597244,12
3987,Rnd_3988,-2.955786,7.472043,128.690676,6
3988,Rnd_3989,11.435777,-10.623588,472.900441,10
3989,Rnd_3990,1.170703,-14.697923,466.300397,10
3990,Rnd_3991,-1.661051,-6.386300,349.034607,9
3991,Rnd_3992,11.842607,9.321515,161.140269,6
3992,Rnd_3993,8.418140,2.489210,221.147256,7
3993,Rnd_3994,10.282483,16.450801,144.194446,6
3994,Rnd_3995,10.571063,-5.544720,301.839963,8
3995,Rnd_3996,12.435979,8.847449,201.439893,7
3996,Rnd_3997,-27.833566,12.253870,149.607550,6
3997,Rnd_3998,-8.118386,-2.048251,161.928382,6
3998,Rnd_3999,-0.312485,-8.523325,292.238383,8
3999,Rnd_4000,13.358435,-6.774999,523.926826,11
4000,Rnd_4001,6.094416,1.257546,270.592216,8
4001,Rnd_4002,4.340421,-15.320269,561.019680,11
4002,Rnd_4003,17.261624,6.000144,174.115518,6
4003,Rnd_4004,-8.053369,30.651676,30.207689,3
4004,Rnd_4005,-0.357527,-17.046905,487.067715,10
4005,Rnd_4006,-16.913534,31.160574,26.796613,3
4006,Rnd_4007,7.499544,-7.310771,305.331609,8
4007,Rnd_4008,5.374945,-6.124576,292.427574,8
4008,Rnd_4009,0.295535,-5.552824,279.430417,8
4009,Rnd_4010,4.850022,-6.408102,292.112297,8
4010,Rnd_4011,20.402407,2.297686,190.574515,6
4011,Rnd_4012,6.595384,-11.773700,616.107867,12
4012,Rnd_4013,4.511539,-17.571035,582.164862,11
4013,Rnd_4014,-0.136721,30.483459,40.175905,3
4014,Rnd_4015,11.117550,-2.568202,233.819365,7
4015,Rnd_4016,-15.587694,11.248683,97.964115,5
4016,Rnd_4017,4.014926,2.457673,263.939674,8
4017,Rnd_4018,5.582462,-18.588097,687.271572,12
4018,Rnd_4019,-27.079254,11.804928,109.160407,5
4019,Rnd_4020,8.221917,-15.255722,570.262308,11
4020,Rnd_4021,5.192081,-15.322288,647.229033,12
4021,Rnd_4022,4.484851,26.177718,58.470934,4
4022,Rnd_4023,4.902444,-14.547054,636.677931,12
4023,Rnd_4024,17.867890,-7.995916,468.551033,10
4024,Rnd_4025,9.461284,10.536655,204.094868,7
4025,Rnd_4026,-18.146754,15.063178,104.563799,5
4026,Rnd_4027,8.838171,-16.715627,585.330301,11
4027,Rnd_4028,7.947511,-14.966160,564.171662,11
4028,Rnd_4029,8.030257,-5.819255,359.847553,9
4029,Rnd_4030,-1.801575,-16.544222,410.002359,9
4030,Rnd_4031,4.688104,-17.979311,585.608032,11
4031,Rnd_4032,11.965739,14.501280,153.534975,6
4032,Rnd_4033,3.101840,-8.422924,423.799596,10
4033,Rnd_4034,-12.511589,-3.860318,217.227525,7
4034,Rnd_4035,1.073942,6.182275,185.891810,7
4035,Rnd_4036,2.366958,-9.980745,434.623187,10
4036,Rnd_4037,-16.431709,24.618834,55.789742,4
4037,Rnd_4038,-17.635706,21.406119,54.607530,4
4038,Rnd_4039,2.654944,9.815391,104.367220,5
4039,Rnd_4040,-9.957806,21.574246,56.750042,4
4040,Rnd_4041,-13.484842,-4.651356,173.106749,6
4041,Rnd_4042,5.948362,-12.917341,395.377804,9
4042,Rnd_4043,0.672137,-12.742368,458.406483,10
4043,Rnd_4044,12.658665,12.959452,148.151213,6
4044,Rnd_4045,-4.823801,5.340267,147.312066,6
4045,Rnd_4046,2.009088,29.535333,60.365743,4
4046,Rnd_4047,2.807201,6.327448,153.161505,6
4047,Rnd_4048,-9.049126,16.363107,95.298670,5
4048,Rnd_4049,-24.659364,24.228390,68.616178,4
4049,Rnd_4050,14.433585,0.590303,179.082015,6
4050,Rnd_4051,19.270239,13.007484,158.965993,6
4051,Rnd_4052,-21.875776,2.171937,155.033570,6
4052,Rnd_4053,1.975635,-9.716969,428.898045,10
4053,Rnd_4054,6.837742,-22.604589,740.046807,12
4054,Rnd_4055,17.490599,-0.621610,187.373747,6
4055,Rnd_4056,-6.476751,26.118340,52.995611,4
4056,Rnd_4057,10.000810,-19.266907,544.170253,10
4057,Rnd_4058,-23.429292,-2.200641,122.146436,5
4058,Rnd_4059,4.092714,-9.826655,439.847626,10
4059,Rnd_4060,-19.722433,-7.928977,228.334356,7
4060,Rnd_4061,4.256475,-14.349128,632.569136,12
4061,Rnd_4062,7.109444,-17.583839,677.024697,12
4062,Rnd_4063,-24.393488,16.776950,64.860280,4
4063,Rnd_4064,-0.474326,-14.699415,468.487270,10
4064,Rnd_4065,5.017609,4.202402,257.930120,8
4065,Rnd_4066,10.584493,24.889125,97.666535,5
4066,Rnd_4067,7.169549,-8.668078,445.338078,10
4067,Rnd_4068,10.281567,-2.720687,354.734384,9
4068,Rnd_4069,15.889161,-0.189841,294.874581,8
4069,Rnd_4070,-0.276136,-0.245294,254.817155,8
4070,Rnd_4071,2.769278,-15.691626,484.170407,10
4071,Rnd_4072,-9.729998,3.491168,150.274331,6
4072,Rnd_4073,-4.230631,35.583048,28.913160,3
4073,Rnd_4074,3.461970,-13.221844,395.666531,9
4074,Rnd_4075,0.423628,-8.387649,293.078793,8
4075,Rnd_4076,13.937872,-1.147907,363.968269,9
4076,Rnd_4077,-14.053964,28.354786,35.359993,3
4077,Rnd_4078,7.575854,-3.204989,182.481933,6
4078,Rnd_4079,4.852317,-21.168333,710.364227,12
4079,Rnd_4080,11.879518,-5.099449,302.676931,8
4080,Rnd_4081,15.591781,4.344270,176.323588,6
4081,Rnd_4082,0.534451,-13.150897,528.936759,11
4082,Rnd_4083,-19.414627,12.398858,99.220697,5
4083,Rnd_4084,-2.147585,-10.928515,437.789933,10
4084,Rnd_4085,-4.026378,-8.446167,298.599735,8
4085,Rnd_4086,3.682438,26.557248,97.145849,5
4086,Rnd_4087,6.701790,-16.503091,499.063834,10
4087,Rnd_4088,15.231892,-6.276951,314.092657,8
4088,Rnd_4089,-12.808021,-3.952373,216.686477,7
4089,Rnd_4090,-27.379240,9.702155,116.666424,5
4090,Rnd_4091,-16.420778,26.612642,31.832245,3
4091,Rnd_4092,4.019227,-19.467290,596.792439,11
4092,Rnd_4093,-6.573120,3.496846,193.424105,7
4093,Rnd_4094,2.074630,-13.594389,458.615124,10
4094,Rnd_4095,5.105881,10.103925,146.895854,6
4095,Rnd_4096,-4.608198,13.156212,101.738913,5
4096,Rnd_4097,-0.346589,-3.306055,210.295176,7
4097,Rnd_4098,-19.974847,-4.826958,219.939850,7
4098,Rnd_4099,5.851692,-8.180570,434.005370,10
4099,Rnd_4100,-24.155057,13.718630,73.946424,4
4100,Rnd_4101,5.399079,-17.332998,587.372730,11
4101,Rnd_4102,6.448675,-13.107860,335.617008,8
4102,Rnd_4103,-0.733947,-2.680749,208.579664,7
4103,Rnd_4104,-6.708579,-4.128212,333.538005,9
4104,Rnd_4105,7.483501,-0.594644,334.008864,9
4105,Rnd_4106,8.560971,-20.238433,543.282253,10
4106,Rnd_4107,0.955177,-13.777910,542.082240,11
4107,Rnd_4108,-4.744179,-11.375302,307.399944,8
4108,Rnd_4109,3.525622,-15.179199,638.530886,12
4109,Rnd_4110,3.822847,-7.693186,292.601384,8
4110,Rnd_4111,9.721748,30.545909,71.378027,4
4111,Rnd_4112,3.257607,-11.758649,448.839599,10
4112,Rnd_4113,-8.076494,-1.683919,266.707443,8
4113,Rnd_4114,1.521896,-6.064626,402.583325,10
4114,Rnd_4115,0.418682,23.647952,57.607005,4
4115,Rnd_4116,-12.028043,12.720435,102.941371,5
4116,Rnd_4117,2.565478,-16.153061,645.513492,12
4117,Rnd_4118,2.582968,-12.743653,459.567525,10
4118,Rnd_4119,2.395535,-15.181883,555.649526,11
4119,Rnd_4120,4.279876,-0.049304,272.118320,8
4120,Rnd_4121,5.089080,-15.609877,655.495006,12
4121,Rnd_4122,-16.156034,-6.111613,174.913967,6
4122,Rnd_4123,-18.719704,23.167555,54.152160,4
4123,Rnd_4124,5.100769,-11.506982,533.094972,11
4124,Rnd_4125,6.767985,17.856740,107.866144,5
4125,Rnd_4126,3.489098,-12.442469,455.531695,10
4126,Rnd_4127,8.809922,-15.625623,499.708130,10
4127,Rnd_4128,16.121262,18.932794,107.979495,5
4128,Rnd_4129,5.572929,-15.151347,566.851166,11
4129,Rnd_4130,10.563323,-3.822793,432.210903,10
4130,Rnd_4131,-20.854191,21.095105,62.977207,4
4131,Rnd_4132,-6.339321,21.879144,53.867251,4
4132,Rnd_4133,3.829798,-16.718568,572.139764,11
4133,Rnd_4134,8.303253,-9.681164,384.195822,9
4134,Rnd_4135,-7.603929,-1.807730,209.666864,7
4135,Rnd_4136,-15.906120,-5.551490,218.886411,7
4136,Rnd_4137,-13.578678,-9.116851,290.219642,8
4137,Rnd_4138,7.449230,-3.116923,285.023531,8
4138,Rnd_4139,-8.144472,-10.147189,365.821380,9
4139,Rnd_4140,6.756925,-15.375349,655.041309,12
4140,Rnd_4141,8.766836,-10.733516,461.479673,10
4141,Rnd_4142,-1.333741,-9.462282,360.586238,9
4142,Rnd_4143,-5.209268,25.537119,62.808105,4
4143,Rnd_4144,5.126952,-8.535768,369.422182,9
4144,Rnd_4145,-1.437080,-1.626556,256.092026,8
4145,Rnd_4146,6.281774,-22.034823,638.791673,11
4146,Rnd_4147,-6.150537,24.189228,54.307561,4
4147,Rnd_4148,6.550742,-1.385982,281.294416,8
4148,Rnd_4149,3.562838,-18.870672,682.115654,12
4149,Rnd_4150,-0.715939,-13.459151,542.121844,11
4150,Rnd_4151,6.125933,9.407193,151.508434,6
4151,Rnd_4152,18.187861,12.558611,163.563147,6
4152,Rnd_4153,-16.163157,32.453487,26.215044,3
4153,Rnd_4154,6.884352,-15.160686,567.746404,11
4154,Rnd_4155,-26.334555,13.762267,73.028004,4
4155,Rnd_4156,4.306548,-6.277092,356.359137,9
4156,Rnd_4157,6.310778,-18.755596,688.585938,12
4157,Rnd_4158,4.900975,-13.515661,549.839803,11
4158,Rnd_4159,15.847597,19.343478,77.116444,4
4159,Rnd_4160,4.809573,15.446685,141.490165,6
4160,Rnd_4161,0.407261,-2.592226,262.995657,8
4161,Rnd_4162,-24.734071,-3.490828,176.488739,6
4162,Rnd_4163,-18.924509,-2.146434,209.290737,7
4163,Rnd_4164,-3.342973,-1.129262,163.884251,6
4164,Rnd_4165,5.580875,-16.495670,659.507963,12
4165,Rnd_4166,5.091789,-12.233686,535.289751,11
4166,Rnd_4167,10.121301,25.961663,70.316945,4
4167,Rnd_4168,19.134079,7.451994,226.393528,7
4168,Rnd_4169,6.145002,-13.703161,555.654383,11
4169,Rnd_4170,3.498866,-0.987664,215.815295,7
4170,Rnd_4171,4.212426,-13.726317,475.223568,10
4171,Rnd_4172,-6.506100,-16.286749,330.403816,8
4172,Rnd_4173,-13.224767,19.477274,67.628009,4
4173,Rnd_4174,2.868324,-8.519896,352.252969,9
4174,Rnd_4175,4.411610,-16.386862,569.997030,11
4175,Rnd_4176,-0.460507,7.194040,181.486960,7
4176,Rnd_4177,8.719033,-13.435106,641.225465,12
4177,Rnd_4178,-13.107004,-12.781669,388.300565,9
4178,Rnd_4179,6.848598,-17.210391,677.963535,12
4179,Rnd_4180,0.136973,-8.573598,354.541167,9
4180,Rnd_4181,12.578117,12.610106,150.888636,6
4181,Rnd_4182,-10.887393,1.667982,157.978399,6
4182,Rnd_4183,7.863481,-16.640061,580.772251,11
4183,Rnd_4184,3.052175,22.230938,95.978373,5
4184,Rnd_4185,7.292211,-11.749675,536.258609,11
4185,Rnd_4186,4.263604,-12.620576,387.018110,9
4186,Rnd_4187,-9.377262,13.760101,91.889306,5
4187,Rnd_4188,2.766529,7.258278,145.276698,6
4188,Rnd_4189,-15.200002,27.794077,52.983354,4
4189,Rnd_4190,-7.160051,21.021003,58.982514,4
4190,Rnd_4191,4.003120,-12.152080,456.454495,10
4191,Rnd_4192,2.676029,25.512220,71.726184,4
4192,Rnd_4193,-24.920660,0.680195,167.586281,6
4193,Rnd_4194,7.395047,28.637278,66.679189,4
4194,Rnd_4195,-7.363069,-2.278225,260.358035,8
4195,Rnd_4196,-5.606891,26.396450,48.476209,4
4196,Rnd_4197,2.700155,-10.180825,505.713705,11
4197,Rnd_4198,2.231937,-11.812707,448.566374,10
4198,Rnd_4199,-1.274597,33.819873,61.974505,4
4199,Rnd_4200,8.309082,-14.300505,411.549615,9
4200,Rnd_4201,9.906529,1.398270,282.040904,8
4201,Rnd_4202,14.991429,25.379333,113.135017,5
4202,Rnd_4203,0.596947,9.883000,201.099868,7
4203,Rnd_4204,2.833150,-5.452642,223.942969,7
4204,Rnd_4205,-23.265597,14.871361,68.661033,4
4205,Rnd_4206,6.636341,20.142239,98.262659,5
4206,Rnd_4207,2.802491,-9.477917,431.988223,10
4207,Rnd_4208,-11.229461,-9.159465,362.435611,9
4208,Rnd_4209,0.301376,-4.830970,273.216919,8
4209,Rnd_4210,10.704985,0.607375,226.294053,7
4210,Rnd_4211,0.657127,-12.713339,385.943120,9
4211,Rnd_4212,-14.122161,0.775712,165.530986,6
4212,Rnd_4213,-6.789146,-13.221045,444.870896,10
4213,Rnd_4214,-0.964971,-13.889458,539.344553,11
4214,Rnd_4215,0.118241,-11.946364,314.270836,8
4215,Rnd_4216,-20.209188,9.021146,107.263777,5
4216,Rnd_4217,-25.488849,-2.186494,164.308568,6
4217,Rnd_4218,0.565389,-4.788250,330.262297,9
4218,Rnd_4219,7.831719,-16.407299,668.091703,12
4219,Rnd_4220,1.974194,-14.466705,544.057897,11
4220,Rnd_4221,-11.995044,2.815080,198.554746,7
4221,Rnd_4222,1.092963,-4.815606,329.043807,9
4222,Rnd_4223,8.900741,16.482291,113.404404,5
4223,Rnd_4224,1.797657,-11.276814,377.713844,9
4224,Rnd_4225,-19.658647,25.642353,30.245625,3
4225,Rnd_4226,4.121979,8.094445,117.111384,5
4226,Rnd_4227,1.935194,-4.689155,270.913242,8
4227,Rnd_4228,6.780065,-19.446362,611.868562,11
4228,Rnd_4229,5.384383,14.686242,145.114986,6
4229,Rnd_4230,2.836526,-0.357733,221.012834,7
4230,Rnd_4231,9.548233,-14.764468,651.460332,12
4231,Rnd_4232,-21.059680,2.835446,112.602613,5
4232,Rnd_4233,3.562347,-16.545333,415.775707,9
4233,Rnd_4234,10.015173,16.184830,144.623436,6
4234,Rnd_4235,1.941651,-17.518484,504.363870,10
4235,Rnd_4236,-5.334796,-12.693744,456.706919,10
4236,Rnd_4237,-10.141978,9.842345,136.326496,6
4237,Rnd_4238,9.748275,18.357443,102.089297,5
4238,Rnd_4239,-20.955095,17.974016,64.262212,4
4239,Rnd_4240,3.260314,-11.139797,381.871501,9
4240,Rnd_4241,1.376453,-10.495921,433.876593,10
4241,Rnd_4242,7.888802,-13.180780,477.378443,10
4242,Rnd_4243,-10.947605,24.685182,48.462474,4
4243,Rnd_4244,0.106553,-15.111330,560.721016,11
4244,Rnd_4245,0.164542,-3.235038,320.274022,9
4245,Rnd_4246,3.173461,-11.026257,376.476770,9
4246,Rnd_4247,8.011333,23.290699,67.729677,4
4247,Rnd_4248,-13.243099,2.681532,198.078624,7
4248,Rnd_4249,2.435303,0.399578,210.300255,7
4249,Rnd_4250,3.342521,-11.905650,384.480985,9
4250,Rnd_4251,3.775247,-17.649750,667.065813,12
4251,Rnd_4252,8.027972,-15.545863,659.480824,12
4252,Rnd_4253,-25.282682,4.366019,113.771957,5
4253,Rnd_4254,-0.281075,-7.181336,359.931773,9
4254,Rnd_4255,0.137386,-10.355593,363.987105,9
4255,Rnd_4256,3.728410,-16.315151,569.639476,11
4256,Rnd_4257,18.151564,-3.645423,316.886523,8
4257,Rnd_4258,-5.383220,-12.444847,381.822815,9
4258,Rnd_4259,22.891193,1.550899,392.893719,9
4259,Rnd_4260,14.770202,-6.261205,309.043001,8
4260,Rnd_4261,2.229341,-13.838006,395.601336,9
4261,Rnd_4262,-16.668992,6.462585,153.514639,6
4262,Rnd_4263,7.358243,-14.720128,655.638071,12
4263,Rnd_4264,7.549781,-24.842345,775.892682,12
4264,Rnd_4265,2.950053,-7.686198,418.538157,10
4265,Rnd_4266,2.436953,-11.426751,377.690905,9
4266,Rnd_4267,-6.458163,13.197391,85.646849,5
4267,Rnd_4268,-5.252836,28.039165,57.664986,4
4268,Rnd_4269,-22.393373,8.619537,77.345090,4
4269,Rnd_4270,4.788171,10.299945,150.388510,6
4270,Rnd_4271,13.105312,-9.878048,331.882558,8
4271,Rnd_4272,7.167439,25.201128,60.324501,4
4272,Rnd_4273,-20.453122,0.927190,204.377120,7
4273,Rnd_4274,5.362909,-5.863801,291.296332,8
4274,Rnd_4275,4.740127,-14.579523,641.958377,12
4275,Rnd_4276,5.756019,-7.365508,300.993890,8
4276,Rnd_4277,1.595901,-8.577259,297.431126,8
4277,Rnd_4278,3.344336,-9.721281,511.468309,11
4278,Rnd_4279,3.436857,-0.226689,266.831125,8
4279,Rnd_4280,14.109360,3.929832,217.589012,7
4280,Rnd_4281,5.811588,-15.579409,653.845836,12
4281,Rnd_4282,5.018518,6.127257,206.586652,7
4282,Rnd_4283,-1.401925,-7.111484,284.201808,8
4283,Rnd_4284,-4.056802,-4.154168,272.756649,8
4284,Rnd_4285,4.122077,-9.651163,513.390938,11
4285,Rnd_4286,-14.053981,4.877684,155.576944,6
4286,Rnd_4287,-25.942420,10.053059,106.639375,5
4287,Rnd_4288,3.909922,-15.397704,642.685431,12
4288,Rnd_4289,4.886769,-9.531476,439.349650,10
4289,Rnd_4290,0.994191,-10.432780,369.664609,9
4290,Rnd_4291,-23.228236,3.372208,150.388936,6
4291,Rnd_4292,19.223369,18.335200,152.564233,6
4292,Rnd_4293,-2.288637,10.921667,132.893771,6
4293,Rnd_4294,3.663472,-16.927624,496.366458,10
4294,Rnd_4295,4.611138,-8.784241,428.428009,10
4295,Rnd_4296,-5.161898,2.530013,195.174632,7
4296,Rnd_4297,6.713908,26.698423,62.429818,4
4297,Rnd_4298,5.533588,-8.726325,512.082601,11
4298,Rnd_4299,-0.569749,32.394901,34.048961,3
4299,Rnd_4300,-5.098148,-2.208945,265.789312,8
4300,Rnd_4301,2.584902,-9.962344,435.230807,10
4301,Rnd_4302,-20.013750,16.227545,61.646461,4
4302,Rnd_4303,4.658504,-15.912950,650.177191,12
4303,Rnd_4304,9.009197,-15.070124,570.340442,11
4304,Rnd_4305,17.086083,11.567805,119.189776,5
4305,Rnd_4306,4.777068,-15.914126,565.955077,11
4306,Rnd_4307,7.603059,-18.378450,520.668658,10
4307,Rnd_4308,7.909571,-16.876737,505.865311,10
4308,Rnd_4309,-0.940755,3.860224,186.654088,7
4309,Rnd_4310,-15.056727,2.431803,147.955049,6
4310,Rnd_4311,4.985812,-14.627251,639.154279,12
4311,Rnd_4312,3.635673,-10.079720,370.529206,9
4312,Rnd_4313,-6.690202,29.033773,34.007707,3
4313,Rnd_4314,-7.755267,-10.188460,364.783060,9
4314,Rnd_4315,-0.296562,-1.575459,156.037491,6
4315,Rnd_4316,2.640612,-15.242889,475.199109,10
4316,Rnd_4317,-19.512787,19.958513,60.198156,4
4317,Rnd_4318,10.119757,-4.773491,303.628896,8
4318,Rnd_4319,4.597070,-10.837289,377.412243,9
4319,Rnd_4320,16.332238,-2.243475,300.817691,8
4320,Rnd_4321,5.644549,-18.937751,686.020039,12
4321,Rnd_4322,3.932481,-13.562176,627.175854,12
4322,Rnd_4323,18.273482,17.530111,113.785924,5
4323,Rnd_4324,-4.745550,26.807164,64.124509,4
4324,Rnd_4325,10.593624,17.860858,102.946888,5
4325,Rnd_4326,-6.767601,-11.835786,376.021183,9
4326,Rnd_4327,-0.750002,-11.451946,439.106379,10
4327,Rnd_4328,-1.420977,30.949641,56.538606,4
4328,Rnd_4329,-0.227581,-5.608269,339.576014,9
4329,Rnd_4330,4.944665,-17.222134,665.280345,12
4330,Rnd_4331,1.015792,-12.423317,385.046544,9
4331,Rnd_4332,-21.087697,11.580669,100.169698,5
4332,Rnd_4333,6.050195,-11.112373,459.681054,10
4333,Rnd_4334,4.016398,-17.274762,664.998365,12
4334,Rnd_4335,5.922372,-16.548909,422.052998,9
4335,Rnd_4336,15.324435,20.288131,75.131932,4
4336,Rnd_4337,1.129484,-16.231707,558.604794,11
4337,Rnd_4338,7.089923,-18.765235,694.635378,12
4338,Rnd_4339,8.816663,14.436065,186.870864,7
4339,Rnd_4340,5.944598,-16.108331,494.569770,10
4340,Rnd_4341,-18.495030,18.164543,58.931082,4
4341,Rnd_4342,-7.236090,-7.667287,285.119012,8
4342,Rnd_4343,8.737491,-20.578588,635.061983,11
4343,Rnd_4344,-10.210381,9.558182,107.498184,5
4344,Rnd_4345,5.264191,-11.999786,614.856597,12
4345,Rnd_4346,7.628704,-16.110837,661.656045,12
4346,Rnd_4347,-10.373578,-3.842278,209.393288,7
4347,Rnd_4348,5.986267,-13.398422,636.761414,12
4348,Rnd_4349,3.294583,-0.557813,215.038915,7
4349,Rnd_4350,-1.586850,-14.125187,389.954614,9
4350,Rnd_4351,13.715061,15.665250,150.632501,6
4351,Rnd_4352,-23.543291,6.668952,77.627491,4
4352,Rnd_4353,-1.208542,18.000513,96.868795,5
4353,Rnd_4354,8.524476,-16.383567,669.949831,12
4354,Rnd_4355,6.234823,-21.233030,719.925329,12
4355,Rnd_4356,6.568777,-15.752592,494.195940,10
4356,Rnd_4357,9.067943,-11.325426,465.535184,10
4357,Rnd_4358,10.551617,3.147150,215.263050,7
4358,Rnd_4359,1.972453,22.280761,63.966856,4
4359,Rnd_4360,-16.439184,18.234754,67.622095,4
4360,Rnd_4361,9.631075,-20.545055,732.635083,12
4361,Rnd_4362,2.379425,1.157011,206.875154,7
4362,Rnd_4363,8.183203,-13.589579,560.359558,11
4363,Rnd_4364,4.221729,-11.686897,531.963319,11
4364,Rnd_4365,-18.136497,28.366851,56.935270,4
4365,Rnd_4366,-22.758040,15.417046,69.245801,4
4366,Rnd_4367,-8.572798,-8.712365,234.141350,7
4367,Rnd_4368,6.416881,-7.535143,431.264371,10
4368,Rnd_4369,5.020249,-18.326682,592.817316,11
4369,Rnd_4370,8.444425,9.284426,113.665378,5
4370,Rnd_4371,14.953372,5.297782,214.032205,7
4371,Rnd_4372,2.337919,-6.096036,338.282239,9
4372,Rnd_4373,16.642102,-5.911539,313.502783,8
4373,Rnd_4374,1.057521,17.571154,96.552112,5
4374,Rnd_4375,5.774772,0.141826,269.412065,8
4375,Rnd_4376,-10.525820,-7.225797,225.603241,7
4376,Rnd_4377,-6.139630,-19.877109,424.610255,9
4377,Rnd_4378,-20.725208,16.301821,95.799572,5
4378,Rnd_4379,0.705080,1.719743,154.979800,6
4379,Rnd_4380,5.059457,-18.119949,677.338956,12
4380,Rnd_4381,-2.691147,9.578746,183.023154,7
4381,Rnd_4382,1.285838,-13.914654,619.034505,12
4382,Rnd_4383,-22.379746,0.917557,206.160798,7
4383,Rnd_4384,8.230211,29.416784,71.626543,4
4384,Rnd_4385,-1.222758,1.952362,191.912924,7
4385,Rnd_4386,1.451857,-11.134395,444.128478,10
4386,Rnd_4387,10.131815,22.065638,102.313328,5
4387,Rnd_4388,1.617360,-12.459898,526.848277,11
4388,Rnd_4389,12.132479,20.678090,106.914119,5
4389,Rnd_4390,14.599420,-7.363176,386.756726,9
4390,Rnd_4391,-12.764100,-7.779750,229.221970,7
4391,Rnd_4392,-9.568055,-1.472668,276.559296,8
4392,Rnd_4393,0.325244,30.988940,60.104726,4
4393,Rnd_4394,0.118315,21.321865,89.633150,5
4394,Rnd_4395,-1.653687,14.979970,94.390785,5
4395,Rnd_4396,-2.013334,2.320842,204.096079,7
4396,Rnd_4397,7.307790,-21.616157,730.499460,12
4397,Rnd_4398,-11.016530,-7.972395,224.917434,7
4398,Rnd_4399,3.700707,-20.376049,605.758509,11
4399,Rnd_4400,-23.441783,15.160989,96.804900,5
4400,Rnd_4401,13.239348,-11.342197,407.668891,9
4401,Rnd_4402,17.270306,1.277697,282.265298,8
4402,Rnd_4403,6.984087,-17.129861,677.879585,12
4403,Rnd_4404,15.597387,24.507103,76.975248,4
4404,Rnd_4405,-12.491431,28.602525,54.096131,4
4405,Rnd_4406,-1.204463,-12.199386,311.419223,8
4406,Rnd_4407,19.037051,19.896289,118.155502,5
4407,Rnd_4408,5.818850,-19.095688,604.337063,11
4408,Rnd_4409,6.539191,-20.230390,705.417027,12
4409,Rnd_4410,6.423829,-19.898520,617.733638,11
4410,Rnd_4411,4.297777,-16.018087,647.977947,12
4411,Rnd_4412,-8.802727,-11.186093,300.755980,8
4412,Rnd_4413,12.739771,-3.471708,301.871177,8
4413,Rnd_4414,6.172411,-17.251891,675.882404,12
4414,Rnd_4415,-7.716159,-6.806531,229.491499,7
4415,Rnd_4416,-15.011829,24.522497,50.555697,4
4416,Rnd_4417,9.540071,-0.689692,284.904303,8
4417,Rnd_4418,-4.141802,32.124308,29.788491,3
4418,Rnd_4419,6.376518,-14.484895,487.003616,10
4419,Rnd_4420,4.929880,-0.949226,333.531556,9
4420,Rnd_4421,2.349780,-13.817757,532.541928,11
4421,Rnd_4422,-19.296421,-0.469370,163.687162,6
4422,Rnd_4423,-4.322147,-9.347019,359.602509,9
4423,Rnd_4424,10.934068,14.388699,109.924580,5
4424,Rnd_4425,7.810674,-18.088677,603.349096,11
4425,Rnd_4426,7.327851,-10.140818,380.397631,9
4426,Rnd_4427,-19.517147,-4.787627,129.471879,5
4427,Rnd_4428,-22.458368,-0.969173,120.164887,5
4428,Rnd_4429,-0.150237,7.806617,138.111727,6
4429,Rnd_4430,4.568968,-15.579524,410.927596,9
4430,Rnd_4431,17.001821,13.711070,155.868688,6
4431,Rnd_4432,16.334902,-14.825201,444.819156,9
4432,Rnd_4433,-13.008429,-9.353538,183.563698,6
4433,Rnd_4434,-10.197019,-5.883436,229.507165,7
4434,Rnd_4435,11.761791,-3.063512,360.874681,9
4435,Rnd_4436,4.729062,-14.916203,641.952854,12
4436,Rnd_4437,0.448782,-13.047466,453.493083,10
4437,Rnd_4438,3.164939,-6.445980,349.464105,9
4438,Rnd_4439,-17.105760,3.759238,115.351293,5
4439,Rnd_4440,-20.581731,-2.351881,264.121638,8
4440,Rnd_4441,7.092391,21.172284,99.345040,5
4441,Rnd_4442,-28.013889,5.700139,164.896664,6
4442,Rnd_4443,7.557613,-16.545935,577.930031,11
4443,Rnd_4444,18.184169,10.278512,164.750846,6
4444,Rnd_4445,-9.815214,-13.077502,246.075716,7
4445,Rnd_4446,1.135552,-12.354767,380.746024,9
4446,Rnd_4447,-0.306283,-6.640897,341.387573,9
4447,Rnd_4448,5.976854,-18.044738,598.150945,11
4448,Rnd_4449,-5.409306,-9.060572,240.407831,7
4449,Rnd_4450,-22.947793,22.007926,39.736259,3
4450,Rnd_4451,11.087948,24.895434,97.871579,5
4451,Rnd_4452,3.952912,-6.491141,415.194214,10
4452,Rnd_4453,-0.131023,-11.852975,313.520546,8
4453,Rnd_4454,6.572102,13.421761,102.818090,5
4454,Rnd_4455,4.466478,-20.454034,526.842994,10
4455,Rnd_4456,6.495510,-15.830007,496.067878,10
4456,Rnd_4457,0.560204,-5.845205,283.103750,8
4457,Rnd_4458,4.945862,-14.312865,477.244250,10
4458,Rnd_4459,10.788367,-3.845916,299.011635,8
4459,Rnd_4460,3.856937,-15.505197,646.454142,12
4460,Rnd_4461,-26.927964,-0.765588,171.297668,6
4461,Rnd_4462,6.751869,-12.565406,399.375927,9
4462,Rnd_4463,1.735292,-11.486721,446.815834,10
4463,Rnd_4464,19.377221,16.916402,153.945991,6
4464,Rnd_4465,16.528689,13.627725,156.446000,6
4465,Rnd_4466,-10.318493,14.734053,90.301655,5
4466,Rnd_4467,4.042989,-16.472013,571.215840,11
4467,Rnd_4468,16.407588,-10.182447,410.448241,9
4468,Rnd_4469,1.629277,-13.225166,611.200218,12
4469,Rnd_4470,2.115900,-10.569350,437.196602,10
4470,Rnd_4471,-0.083487,26.672708,56.878721,4
4471,Rnd_4472,5.095016,-1.818947,223.883833,7
4472,Rnd_4473,5.770756,-12.120434,537.129925,11
4473,Rnd_4474,7.824072,-9.577882,379.764405,9
4474,Rnd_4475,-3.088329,-12.399910,380.813051,9
4475,Rnd_4476,-14.513941,4.219018,110.248023,5
4476,Rnd_4477,-8.101347,-4.361489,166.976228,6
4477,Rnd_4478,-18.158038,13.308759,98.362832,5
4478,Rnd_4479,-1.320191,32.345131,34.368949,3
4479,Rnd_4480,3.039609,-3.331143,274.160569,8
4480,Rnd_4481,-8.135917,-4.737899,340.622842,9
4481,Rnd_4482,-23.768171,-2.592572,122.190444,5
4482,Rnd_4483,5.588593,18.811719,99.932312,5
4483,Rnd_4484,15.620194,-12.332628,498.819139,10
4484,Rnd_4485,-0.997630,24.803003,59.726648,4
4485,Rnd_4486,5.016490,-12.964634,542.227094,11
4486,Rnd_4487,4.945749,-14.122620,471.537075,10
4487,Rnd_4488,-7.472824,1.262458,199.606021,7
4488,Rnd_4489,-18.263984,-0.637420,207.337176,7
4489,Rnd_4490,14.055201,7.911593,212.043293,7
4490,Rnd_4491,8.488932,-2.869514,231.080679,7
4491,Rnd_4492,6.512676,-10.865625,454.592498,10
4492,Rnd_4493,7.833467,25.777411,94.705445,5
4493,Rnd_4494,17.337104,-1.807274,363.711537,9
4494,Rnd_4495,3.477698,-5.403717,341.598963,9
4495,Rnd_4496,1.632457,-14.410048,473.979945,10
4496,Rnd_4497,-0.488814,-6.128621,343.802141,9
4497,Rnd_4498,-16.083690,19.374967,57.862977,4
4498,Rnd_4499,-0.001617,-15.568495,548.358590,11
4499,Rnd_4500,-13.615261,-7.466633,283.705055,8
4500,Rnd_4501,-4.166409,32.545851,28.144008,3
4501,Rnd_4502,-0.058482,-7.656742,294.241757,8
4502,Rnd_4503,7.709986,-14.765528,576.656105,11
4503,Rnd_4504,3.184310,-0.441374,216.997727,7
4504,Rnd_4505,4.491229,-14.599323,637.121215,12
4505,Rnd_4506,5.599611,-16.339745,653.208282,12
4506,Rnd_4507,-0.024808,-1.795352,203.581232,7
4507,Rnd_4508,-11.137660,0.080446,203.661418,7
4508,Rnd_4509,-1.758278,-0.110386,197.619458,7
4509,Rnd_4510,-11.649699,12.240355,106.025315,5
4510,Rnd_4511,3.831205,-15.158819,563.600254,11
4511,Rnd_4512,3.403727,-17.653184,591.291281,11
4512,Rnd_4513,0.817775,-15.297513,472.254243,10
4513,Rnd_4514,-7.474688,-13.047925,382.962938,9
4514,Rnd_4515,5.512081,-18.349820,685.302226,12
4515,Rnd_4516,0.411801,-17.440100,653.643162,12
4516,Rnd_4517,-20.345909,4.351788,110.276530,5
4517,Rnd_4518,-14.801234,10.627390,100.002294,5
4518,Rnd_4519,-6.692082,-6.721896,287.682821,8
4519,Rnd_4520,8.306274,-16.287826,588.154030,11
4520,Rnd_4521,5.809665,-16.439606,661.610605,12
4521,Rnd_4522,11.401321,25.136557,73.539345,4
4522,Rnd_4523,2.400868,-20.866742,693.665364,12
4523,Rnd_4524,-1.744400,-12.228547,312.747657,8
4524,Rnd_4525,7.340627,-14.592123,565.788529,11
4525,Rnd_4526,11.110088,0.803214,219.303375,7
4526,Rnd_4527,-15.143515,15.092348,97.374523,5
4527,Rnd_4528,3.331456,-6.399784,290.240924,8
4528,Rnd_4529,5.662845,-18.873652,691.156104,12
4529,Rnd_4530,-15.410635,-7.706268,172.767970,6
4530,Rnd_4531,-1.712019,7.304069,145.131444,6
4531,Rnd_4532,4.220215,-11.819620,532.337218,11
4532,Rnd_4533,-11.069685,-13.177545,369.560248,9
4533,Rnd_4534,-7.896365,22.715310,60.450073,4
4534,Rnd_4535,-15.761727,27.409002,56.723248,4
4535,Rnd_4536,9.589436,26.242215,70.104838,4
4536,Rnd_4537,-3.158394,5.656992,136.889962,6
4537,Rnd_4538,-6.859492,3.851420,143.436501,6
4538,Rnd_4539,-23.863127,17.489309,63.120824,4
4539,Rnd_4540,13.725855,20.700154,111.530115,5
4540,Rnd_4541,-21.191873,-0.203739,199.626121,7
4541,Rnd_4542,4.060440,-3.792018,342.257058,9
4542,Rnd_4543,-11.158754,-12.812541,252.390390,7
4543,Rnd_4544,6.270150,5.014934,215.878274,7
4544,Rnd_4545,-18.337498,-6.583905,222.458932,7
4545,Rnd_4546,7.243203,-21.848582,733.534384,12
4546,Rnd_4547,17.346277,-3.823241,313.159467,8
4547,Rnd_4548,6.338461,-13.350842,550.298108,11
4548,Rnd_4549,8.310753,-18.921996,704.078388,12
4549,Rnd_4550,-6.636928,29.986677,30.906484,3
4550,Rnd_4551,6.380197,-10.561341,449.678074,10
4551,Rnd_4552,-14.626335,13.724857,94.815135,5
4552,Rnd_4553,3.199696,-17.444863,583.287837,11
4553,Rnd_4554,0.231783,-8.251611,357.775433,9
4554,Rnd_4555,-16.157869,-7.099474,178.186620,6
4555,Rnd_4556,4.830451,-7.443400,430.246212,10
4556,Rnd_4557,15.862307,7.710143,169.325966,6
4557,Rnd_4558,1.814021,1.611165,160.502879,6
4558,Rnd_4559,3.502730,-15.766195,641.707448,12
4559,Rnd_4560,5.313460,-14.941866,559.924863,11
4560,Rnd_4561,15.107062,-2.830665,247.504099,7
4561,Rnd_4562,-6.615460,32.892294,23.852378,3
4562,Rnd_4563,2.150310,-17.744457,667.679741,12
4563,Rnd_4564,-0.757029,-6.312308,341.013889,9
4564,Rnd_4565,-0.707701,-2.241466,205.244120,7
4565,Rnd_4566,-2.360435,33.457873,26.828866,3
4566,Rnd_4567,-0.962348,-12.172257,521.047511,11
4567,Rnd_4568,11.248503,23.177208,70.376200,4
4568,Rnd_4569,3.048640,7.961986,149.298161,6
4569,Rnd_4570,8.626398,30.702625,136.512847,6
4570,Rnd_4571,7.026151,-21.199710,724.545954,12
4571,Rnd_4572,7.091321,-19.067015,699.893044,12
4572,Rnd_4573,4.759909,-11.136671,522.426588,11
4573,Rnd_4574,0.818579,-11.588652,312.205143,8
4574,Rnd_4575,-4.111381,-17.514878,415.213604,9
4575,Rnd_4576,0.284040,-9.042006,295.827150,8
4576,Rnd_4577,3.454533,-18.440196,673.051404,12
4577,Rnd_4578,5.617414,-9.647606,377.298021,9
4578,Rnd_4579,7.552677,-15.221865,572.901021,11
4579,Rnd_4580,7.589766,-18.242526,691.114636,12
4580,Rnd_4581,8.762060,0.325411,274.452496,8
4581,Rnd_4582,2.414479,-18.749413,668.898433,12
4582,Rnd_4583,2.004157,-8.214912,352.464153,9
4583,Rnd_4584,14.833908,1.844240,222.066885,7
4584,Rnd_4585,-6.370870,-12.843523,310.974225,8
4585,Rnd_4586,-13.144988,-4.421596,215.283571,7
4586,Rnd_4587,-4.006592,19.474075,103.461463,5
4587,Rnd_4588,4.796654,-13.285369,471.620016,10
4588,Rnd_4589,-22.741570,1.292730,155.279748,6
4589,Rnd_4590,1.500222,-5.771733,339.060576,9
4590,Rnd_4591,12.399961,25.129770,71.137023,4
4591,Rnd_4592,-3.886113,-21.788049,519.061349,10
4592,Rnd_4593,11.895468,21.943553,71.620038,4
4593,Rnd_4594,-11.616590,29.121573,28.860232,3
4594,Rnd_4595,2.854478,-16.756310,653.729612,12
4595,Rnd_4596,1.814036,-1.816188,259.300305,8
4596,Rnd_4597,9.724406,1.556949,270.923498,8
4597,Rnd_4598,9.772855,20.439257,104.847525,5
4598,Rnd_4599,20.878392,7.233065,276.974543,8
4599,Rnd_4600,9.534514,-15.094769,657.371475,12
4600,Rnd_4601,-2.487076,13.135938,136.767593,6
4601,Rnd_4602,3.856662,-14.953232,635.199139,12
4602,Rnd_4603,2.282691,-10.156453,506.728125,11
4603,Rnd_4604,10.010144,-11.913239,470.688638,10
4604,Rnd_4605,8.386466,-12.472106,399.015784,9
4605,Rnd_4606,2.818858,-13.955690,542.164227,11
4606,Rnd_4607,6.165801,-20.878609,712.184133,12
4607,Rnd_4608,4.183458,-18.433057,511.112264,10
4608,Rnd_4609,5.206290,-12.090648,538.002340,11
4609,Rnd_4610,-8.854384,18.580012,86.493979,5
4610,Rnd_4611,5.098185,-12.635840,463.852782,10
4611,Rnd_4612,3.111240,27.596791,59.908111,4
4612,Rnd_4613,2.980435,-0.161850,270.320569,8
4613,Rnd_4614,6.805075,-20.540366,714.527916,12
4614,Rnd_4615,-3.812033,-14.488649,467.060456,10
4615,Rnd_4616,-24.710437,15.415184,69.906218,4
4616,Rnd_4617,5.550163,-15.868601,571.686024,11
4617,Rnd_4618,-2.313614,22.405987,58.433273,4
4618,Rnd_4619,5.132721,-16.326002,656.073474,12
4619,Rnd_4620,5.248736,-14.284356,478.221693,10
4620,Rnd_4621,-1.673086,7.471882,189.289655,7
4621,Rnd_4622,19.156098,-10.948613,360.001642,8
4622,Rnd_4623,-3.969178,-5.099356,278.627286,8
4623,Rnd_4624,-11.431311,16.725040,90.089762,5
4624,Rnd_4625,-18.494320,15.675816,96.664282,5
4625,Rnd_4626,3.193146,-6.782603,347.205453,9
4626,Rnd_4627,-23.548239,13.661098,98.887557,5
4627,Rnd_4628,15.201760,18.821523,109.382342,5
4628,Rnd_4629,0.380562,-7.432637,355.716686,9
4629,Rnd_4630,1.683131,9.058536,208.589368,7
4630,Rnd_4631,-19.519722,19.923157,66.823815,4
4631,Rnd_4632,17.062088,9.220349,125.185056,5
4632,Rnd_4633,7.435502,-17.578664,685.144464,12
4633,Rnd_4634,-23.381023,16.263661,65.792352,4
4634,Rnd_4635,2.050457,-4.445509,334.186281,9
4635,Rnd_4636,0.719098,3.328630,196.655383,7
4636,Rnd_4637,4.062357,-18.288198,508.114094,10
4637,Rnd_4638,1.967915,-7.664989,356.085274,9
4638,Rnd_4639,0.002251,-11.207091,379.384416,9
4639,Rnd_4640,11.071256,10.784061,157.095999,6
4640,Rnd_4641,-21.543632,4.557717,113.806309,5
4641,Rnd_4642,10.500479,25.433886,96.760436,5
4642,Rnd_4643,12.836028,-8.117456,390.896046,9
4643,Rnd_4644,-8.354385,8.096879,135.572848,6
4644,Rnd_4645,5.411623,-8.910867,368.103840,9
4645,Rnd_4646,1.977618,-12.401745,524.469242,11
4646,Rnd_4647,6.567607,-20.528442,622.248555,11
4647,Rnd_4648,7.997054,-7.838580,441.745588,10
4648,Rnd_4649,-5.303424,31.918993,29.398422,3
4649,Rnd_4650,1.581554,-13.965229,391.425311,9
4650,Rnd_4651,7.550061,-23.507283,663.257441,11
4651,Rnd_4652,14.288306,-13.096028,421.425677,9
4652,Rnd_4653,7.596658,0.784696,216.076283,7
4653,Rnd_4654,-19.289385,4.876906,111.792610,5
4654,Rnd_4655,1.575883,7.306303,193.631939,7
4655,Rnd_4656,-20.559110,-13.356077,378.455873,9
4656,Rnd_4657,8.185843,-13.643490,408.215598,9
4657,Rnd_4658,-0.807470,27.416063,53.398004,4
4658,Rnd_4659,8.692487,6.233621,212.279337,7
4659,Rnd_4660,10.112545,-2.837093,354.031164,9
4660,Rnd_4661,-4.532740,14.546013,89.216669,5
4661,Rnd_4662,-12.880763,25.519695,57.516408,4
4662,Rnd_4663,3.245566,-7.895424,354.297763,9
4663,Rnd_4664,3.798458,-3.659086,331.281400,9
4664,Rnd_4665,-16.436315,-0.644585,161.967360,6
4665,Rnd_4666,14.882819,-2.746503,245.742202,7
4666,Rnd_4667,5.249799,-17.818327,507.798940,10
4667,Rnd_4668,4.270220,9.322684,145.791915,6
4668,Rnd_4669,5.219147,-17.199446,580.120225,11
4669,Rnd_4670,4.360514,23.669330,62.498852,4
4670,Rnd_4671,1.180157,-11.436502,376.205813,9
4671,Rnd_4672,5.080442,-4.681099,285.588671,8
4672,Rnd_4673,-20.295056,6.125863,146.556513,6
4673,Rnd_4674,2.906791,22.612072,88.481486,5
4674,Rnd_4675,2.271380,-9.452634,430.993182,10
4675,Rnd_4676,6.463198,-17.663320,508.371848,10
4676,Rnd_4677,16.177959,-9.398526,402.307699,9
4677,Rnd_4678,2.222480,-6.917690,349.220546,9
4678,Rnd_4679,13.049441,-8.628305,326.995877,8
4679,Rnd_4680,15.876444,0.315637,234.344451,7
4680,Rnd_4681,-5.561020,30.358344,60.853050,4
4681,Rnd_4682,5.321350,25.631667,89.838373,5
4682,Rnd_4683,-4.671490,-4.864457,225.576771,7
4683,Rnd_4684,-16.888227,17.525627,61.481323,4
4684,Rnd_4685,6.550860,-12.803684,552.239072,11
4685,Rnd_4686,8.475997,-16.947336,594.751646,11
4686,Rnd_4687,-12.631800,29.989789,29.136058,3
4687,Rnd_4688,3.860064,-15.989521,646.066810,12
4688,Rnd_4689,9.332011,24.923741,67.347155,4
4689,Rnd_4690,3.759239,-12.568970,259.826211,7
4690,Rnd_4691,1.519217,-9.514751,367.910904,9
4691,Rnd_4692,4.485222,-0.521068,223.950950,7
4692,Rnd_4693,3.122801,11.485042,146.580952,6
4693,Rnd_4694,-3.309319,23.870743,97.147990,5
4694,Rnd_4695,5.508458,-10.829067,528.414247,11
4695,Rnd_4696,9.784742,25.629933,68.965689,4
4696,Rnd_4697,5.634663,-20.424580,705.759656,12
4697,Rnd_4698,-5.330343,25.793309,56.921236,4
4698,Rnd_4699,5.119430,-15.988887,654.183746,12
4699,Rnd_4700,-13.491793,7.814366,140.356306,6
4700,Rnd_4701,5.848152,-18.014519,678.929436,12
4701,Rnd_4702,-0.275248,-9.652672,300.600064,8
4702,Rnd_4703,2.799922,-17.143735,655.702170,12
4703,Rnd_4704,-11.639650,7.124054,144.811088,6
4704,Rnd_4705,4.741755,-20.472626,610.163029,11
4705,Rnd_4706,-8.639758,10.305587,147.972089,6
4706,Rnd_4707,7.371681,17.489920,100.008592,5
4707,Rnd_4708,-7.066269,-15.805570,390.614334,9
4708,Rnd_4709,7.872031,0.335904,276.720369,8
4709,Rnd_4710,0.297678,29.327269,56.062035,4
4710,Rnd_4711,5.781160,25.213590,92.343810,5
4711,Rnd_4712,11.097013,-14.258444,575.700019,11
4712,Rnd_4713,4.645203,-16.794920,666.536603,12
4713,Rnd_4714,14.538495,13.382118,113.271880,5
4714,Rnd_4715,16.471204,-3.889346,297.425154,8
4715,Rnd_4716,-5.095410,-3.715465,220.189012,7
4716,Rnd_4717,14.631384,0.858065,178.502057,6
4717,Rnd_4718,-0.734306,16.895857,95.412826,5
4718,Rnd_4719,-2.032196,32.254197,96.381425,5
4719,Rnd_4720,-12.285135,32.082710,27.401262,3
4720,Rnd_4721,-10.411207,0.292404,159.193492,6
4721,Rnd_4722,-18.840352,8.808543,101.947947,5
4722,Rnd_4723,1.467327,-19.290446,680.936461,12
4723,Rnd_4724,1.596700,-10.987767,311.595235,8
4724,Rnd_4725,6.139022,-12.245083,392.241501,9
4725,Rnd_4726,11.603632,21.219957,72.881296,4
4726,Rnd_4727,-14.950853,6.843643,145.797178,6
4727,Rnd_4728,8.416017,-16.344246,588.515898,11
4728,Rnd_4729,6.575472,-18.191359,600.394684,11
4729,Rnd_4730,9.555444,19.165970,101.680386,5
4730,Rnd_4731,10.274283,-12.293785,406.246765,9
4731,Rnd_4732,9.140723,2.483221,220.776092,7
4732,Rnd_4733,1.168776,-9.959371,446.654410,10
4733,Rnd_4734,-3.177034,13.929928,98.724224,5
4734,Rnd_4735,7.237317,-19.301608,695.541104,12
4735,Rnd_4736,-7.998948,-10.081908,238.190184,7
4736,Rnd_4737,2.524449,-10.626037,516.083582,11
4737,Rnd_4738,9.327857,-16.689928,510.689796,10
4738,Rnd_4739,4.985071,19.214910,95.371426,5
4739,Rnd_4740,6.046120,-9.537208,375.444384,9
4740,Rnd_4741,4.198161,-18.107986,671.872941,12
4741,Rnd_4742,3.583466,-13.067374,541.698278,11
4742,Rnd_4743,-4.365648,2.703035,199.734416,7
4743,Rnd_4744,6.092205,-17.619563,676.926866,12
4744,Rnd_4745,1.089671,-13.660163,463.624909,10
4745,Rnd_4746,1.414454,-19.345825,679.866469,12
4746,Rnd_4747,2.101633,-4.285481,268.572272,8
4747,Rnd_4748,3.248916,-10.916240,375.183806,9
4748,Rnd_4749,-6.034917,-13.158925,384.140416,9
4749,Rnd_4750,7.019850,-20.739404,723.872152,12
4750,Rnd_4751,2.672639,-11.794421,447.105321,10
4751,Rnd_4752,18.017493,5.482751,173.877890,6
4752,Rnd_4753,7.007163,-17.641396,509.013878,10
4753,Rnd_4754,0.894223,0.661479,196.438903,7
4754,Rnd_4755,2.784490,-5.055531,338.563364,9
4755,Rnd_4756,-13.171275,4.543137,147.633652,6
4756,Rnd_4757,3.885663,-4.473682,224.691583,7
4757,Rnd_4758,4.809940,-15.560222,646.322364,12
4758,Rnd_4759,-17.713328,18.686142,59.436679,4
4759,Rnd_4760,-13.240667,-3.800700,166.177740,6
4760,Rnd_4761,2.919384,26.758442,55.487488,4
4761,Rnd_4762,1.631538,-14.334911,471.363282,10
4762,Rnd_4763,-5.476967,7.142647,196.038539,7
4763,Rnd_4764,-21.036054,22.081603,62.628619,4
4764,Rnd_4765,2.894490,-2.733754,269.616564,8
4765,Rnd_4766,-25.694955,3.562254,115.858532,5
4766,Rnd_4767,1.232137,32.692454,38.387101,3
4767,Rnd_4768,5.108991,17.043866,96.854110,5
4768,Rnd_4769,1.787177,13.756794,138.940878,6
4769,Rnd_4770,4.071583,-7.741621,426.435260,10
4770,Rnd_4771,-9.690228,30.156813,38.537625,3
4771,Rnd_4772,-1.270937,3.162392,148.886465,6
4772,Rnd_4773,0.742424,-17.827067,669.939341,12
4773,Rnd_4774,-25.479067,0.282179,123.867635,5
4774,Rnd_4775,6.855803,-9.388771,312.752033,8
4775,Rnd_4776,-15.290799,-4.438398,127.450933,5
4776,Rnd_4777,10.436050,-1.756651,226.130206,7
4777,Rnd_4778,1.812588,-2.924415,263.770162,8
4778,Rnd_4779,-26.254890,11.331608,76.635573,4
4779,Rnd_4780,1.578462,25.735896,60.033799,4
4780,Rnd_4781,-7.210001,12.764671,127.965129,6
4781,Rnd_4782,-17.370661,14.327858,70.391605,4
4782,Rnd_4783,-7.143378,-9.352675,360.907937,9
4783,Rnd_4784,-17.900636,17.420277,61.194378,4
4784,Rnd_4785,4.433708,9.627345,190.094545,7
4785,Rnd_4786,3.462349,-12.848054,325.388538,8
4786,Rnd_4787,-13.289448,-1.201405,210.928667,7
4787,Rnd_4788,-6.485548,-8.692648,291.919171,8
4788,Rnd_4789,1.560309,15.827998,137.693899,6
4789,Rnd_4790,-10.299602,-14.913823,383.039906,9
4790,Rnd_4791,0.271473,-13.444178,390.013473,9
4791,Rnd_4792,-6.209625,32.554683,23.297863,3
4792,Rnd_4793,-15.647937,15.813087,97.813378,5
4793,Rnd_4794,0.204116,-8.937883,298.888276,8
4794,Rnd_4795,0.644031,-4.009527,217.639515,7
4795,Rnd_4796,-3.316847,17.147747,96.612601,5
4796,Rnd_4797,3.446018,30.392506,58.707002,4
4797,Rnd_4798,0.842376,-13.321887,529.665397,11
4798,Rnd_4799,3.604326,-10.943471,518.059792,11
4799,Rnd_4800,3.909908,-20.655263,703.540419,12
4800,Rnd_4801,-22.212878,16.655925,98.920729,5
4801,Rnd_4802,-16.076596,7.857916,160.510866,6
4802,Rnd_4803,-14.174098,14.466023,93.952695,5
4803,Rnd_4804,-3.166991,-1.175213,213.570435,7
4804,Rnd_4805,-14.860238,-2.492397,213.240532,7
4805,Rnd_4806,7.082105,-17.871730,681.976849,12
4806,Rnd_4807,7.804409,-14.698827,486.354612,10
4807,Rnd_4808,7.917380,-9.897715,315.191556,8
4808,Rnd_4809,0.638249,-6.421494,280.823318,8
4809,Rnd_4810,-8.357721,24.989651,50.716729,4
4810,Rnd_4811,5.384104,-11.196932,612.250926,12
4811,Rnd_4812,6.372095,-18.446475,683.362237,12
4812,Rnd_4813,-6.461551,12.835347,102.508306,5
4813,Rnd_4814,4.542042,-10.580935,313.157096,8
4814,Rnd_4815,2.635195,-19.402230,594.184177,11
4815,Rnd_4816,-24.331525,7.139333,107.581924,5
4816,Rnd_4817,-19.147483,4.147938,153.411272,6
4817,Rnd_4818,-14.447728,-6.956605,224.303144,7
4818,Rnd_4819,3.837422,-12.347254,456.964070,10
4819,Rnd_4820,-0.255977,32.191720,52.436528,4
4820,Rnd_4821,6.173950,-13.285547,475.358746,10
4821,Rnd_4822,-13.280314,-10.605345,294.893773,8
4822,Rnd_4823,-18.337524,-5.576050,222.313195,7
4823,Rnd_4824,0.255041,-6.125697,338.058480,9
4824,Rnd_4825,6.073275,-16.875890,583.104456,11
4825,Rnd_4826,-11.799310,22.676531,54.923719,4
4826,Rnd_4827,-17.083401,0.277319,159.679265,6
4827,Rnd_4828,-0.657204,1.004906,210.619664,7
4828,Rnd_4829,15.713637,8.574017,120.031074,5
4829,Rnd_4830,3.457656,-17.279348,580.339847,11
4830,Rnd_4831,-10.483469,2.725547,203.872277,7
4831,Rnd_4832,6.230605,-15.660229,655.778284,12
4832,Rnd_4833,-4.648129,-16.547457,408.232054,9
4833,Rnd_4834,3.254388,-13.180231,391.006006,9
4834,Rnd_4835,5.040828,10.315887,148.164105,6
4835,Rnd_4836,5.207569,-19.206509,692.365411,12
4836,Rnd_4837,-6.770562,-9.835395,365.705219,9
4837,Rnd_4838,2.114476,-16.647991,647.364209,12
4838,Rnd_4839,6.786740,-12.795096,397.448067,9
4839,Rnd_4840,5.392346,-17.549995,584.348837,11
4840,Rnd_4841,4.659775,-3.161506,336.114184,9
4841,Rnd_4842,4.770286,-8.096529,365.458130,9
4842,Rnd_4843,7.945320,-19.011534,615.733456,11
4843,Rnd_4844,4.357387,-16.090383,656.129175,12
4844,Rnd_4845,15.400269,-12.699091,422.822855,9
4845,Rnd_4846,16.332401,7.612739,169.084544,6
4846,Rnd_4847,4.523223,-4.804636,287.428004,8
4847,Rnd_4848,-13.806231,-11.410571,248.733405,7
4848,Rnd_4849,-10.908433,-15.856352,264.174096,7
4849,Rnd_4850,0.007716,0.732819,195.642541,7
4850,Rnd_4851,6.338454,-11.414905,385.366215,9
4851,Rnd_4852,14.142283,-4.015986,243.674073,7
4852,Rnd_4853,2.910518,-11.691925,317.159265,8
4853,Rnd_4854,-1.856004,-5.092711,333.119733,9
4854,Rnd_4855,-2.036183,9.430194,138.528387,6
4855,Rnd_4856,4.593705,-10.078284,442.416312,10
4856,Rnd_4857,-6.178899,25.055078,48.180612,4
4857,Rnd_4858,-11.016191,-2.536462,219.513792,7
4858,Rnd_4859,-24.577981,12.930288,73.427991,4
4859,Rnd_4860,-26.502616,11.325741,76.320479,4
4860,Rnd_4861,11.665985,-5.109567,303.067951,8
4861,Rnd_4862,9.360961,-23.233570,669.668117,11
4862,Rnd_4863,3.034484,-19.558996,690.486367,12
4863,Rnd_4864,1.440672,-4.240422,268.968278,8
4864,Rnd_4865,0.599976,-4.701633,217.172714,7
4865,Rnd_4866,-3.059661,11.628424,156.582949,6
4866,Rnd_4867,12.206365,-12.608989,566.235861,11
4867,Rnd_4868,-11.007885,22.819679,56.333137,4
4868,Rnd_4869,4.857604,-17.479300,673.339723,12
4869,Rnd_4870,-10.029888,10.930149,97.547999,5
4870,Rnd_4871,-15.547047,-3.939560,208.663635,7
4871,Rnd_4872,5.358144,-9.723979,377.873588,9
4872,Rnd_4873,-13.515127,25.698992,62.955463,4
4873,Rnd_4874,8.552677,-7.936800,448.781437,10
4874,Rnd_4875,-2.847971,-21.495488,603.439785,11
4875,Rnd_4876,8.804930,-18.057519,600.504006,11
4876,Rnd_4877,6.425522,-11.186403,387.712155,9
4877,Rnd_4878,5.494653,22.613316,64.867858,4
4878,Rnd_4879,14.348261,0.508159,233.787688,7
4879,Rnd_4880,-4.455075,-16.238999,473.535763,10
4880,Rnd_4881,6.190940,-9.106743,442.106459,10
4881,Rnd_4882,11.978023,-3.722838,359.231248,9
4882,Rnd_4883,6.653622,-17.725103,680.191617,12
4883,Rnd_4884,3.094243,16.051353,101.935105,5
4884,Rnd_4885,13.921702,-2.117337,190.076167,6
4885,Rnd_4886,-7.522745,6.145073,146.521157,6
4886,Rnd_4887,-23.149972,1.609568,120.314474,5
4887,Rnd_4888,-7.818626,2.589681,145.018512,6
4888,Rnd_4889,-23.336633,13.248781,96.716208,5
4889,Rnd_4890,-24.643355,7.092476,76.164296,4
4890,Rnd_4891,-12.296546,10.206865,100.038982,5
4891,Rnd_4892,-2.442996,0.831415,194.092075,7
4892,Rnd_4893,5.268185,-15.710794,570.136188,11
4893,Rnd_4894,4.112460,-19.265913,691.164430,12
4894,Rnd_4895,-6.748019,0.386305,212.207705,7
4895,Rnd_4896,2.220546,-10.362418,371.809800,9
4896,Rnd_4897,-23.125462,1.975797,161.244121,6
4897,Rnd_4898,18.407217,23.344941,122.975439,5
4898,Rnd_4899,5.156185,-8.502865,369.098984,9
4899,Rnd_4900,12.066057,-5.710706,310.949976,8
4900,Rnd_4901,3.079673,-12.838384,324.419539,8
4901,Rnd_4902,3.542738,-8.852614,363.707236,9
4902,Rnd_4903,7.986482,-10.034344,384.145577,9
4903,Rnd_4904,17.312674,22.898644,112.237067,5
4904,Rnd_4905,2.155217,5.608572,155.489087,6
4905,Rnd_4906,5.325503,-17.075872,666.545741,12
4906,Rnd_4907,1.335205,-10.993111,372.784505,9
4907,Rnd_4908,6.702892,-5.760438,353.937366,9
4908,Rnd_4909,-4.160613,10.725240,138.165201,6
4909,Rnd_4910,3.889691,-16.336285,563.470734,11
4910,Rnd_4911,6.928300,-16.495411,671.133818,12
4911,Rnd_4912,4.692321,-13.944843,630.075737,12
4912,Rnd_4913,6.175229,3.397781,253.418380,8
4913,Rnd_4914,-4.822317,-3.926405,267.489829,8
4914,Rnd_4915,6.114177,-10.972428,618.086844,12
4915,Rnd_4916,4.809355,0.959570,270.182544,8
4916,Rnd_4917,8.165144,-18.088328,690.998943,12
4917,Rnd_4918,-14.575479,0.685284,203.068179,7
4918,Rnd_4919,12.187930,9.008497,163.758830,6
4919,Rnd_4920,7.184349,-16.237452,662.708204,12
4920,Rnd_4921,-5.325821,4.334258,153.356458,6
4921,Rnd_4922,4.214407,-10.436208,517.834466,11
4922,Rnd_4923,-13.737284,-2.863295,213.876511,7
4923,Rnd_4924,3.602432,-7.202087,417.141443,10
4924,Rnd_4925,6.815234,-21.389041,634.130448,11
4925,Rnd_4926,-1.097888,-10.430494,506.836641,11
4926,Rnd_4927,-15.501244,7.768311,111.071927,5
4927,Rnd_4928,7.033668,-7.949533,435.144125,10
4928,Rnd_4929,-8.713337,-12.474265,300.895506,8
4929,Rnd_4930,-0.980143,-10.991685,314.626767,8
4930,Rnd_4931,25.417285,5.849833,254.886790,7
4931,Rnd_4932,1.109553,-9.086804,425.424828,10
4932,Rnd_4933,-16.348616,24.408846,48.970470,4
4933,Rnd_4934,-7.614174,31.338224,25.895917,3
4934,Rnd_4935,-2.509924,22.795952,57.878469,4
4935,Rnd_4936,7.082964,-19.671070,707.420864,12
4936,Rnd_4937,-18.068132,-5.531259,126.026161,5
4937,Rnd_4938,-25.609133,18.146080,68.456855,4
4938,Rnd_4939,-0.515768,-6.266256,343.145962,9
4939,Rnd_4940,13.344045,-0.832101,284.697134,8
4940,Rnd_4941,-10.842607,-5.987080,215.927097,7
4941,Rnd_4942,-21.597961,25.404042,36.783134,3
4942,Rnd_4943,4.665414,-17.181969,496.548335,10
4943,Rnd_4944,6.215278,-19.395269,694.934667,12
4944,Rnd_4945,6.805316,-18.279302,601.503689,11
4945,Rnd_4946,-20.427574,18.564182,87.946837,5
4946,Rnd_4947,-6.034842,31.839420,37.451553,3
4947,Rnd_4948,3.484319,-7.783185,359.249588,9
4948,Rnd_4949,4.189766,-3.941419,279.336482,8
4949,Rnd_4950,4.683357,-12.300137,457.623566,10
4950,Rnd_4951,0.956121,-15.898788,410.338028,9
4951,Rnd_4952,3.427722,-17.231737,575.349119,11
4952,Rnd_4953,-12.563300,20.542920,55.011151,4
4953,Rnd_4954,18.424076,-3.920073,313.591797,8
4954,Rnd_4955,-7.662718,-9.141696,354.658283,9
4955,Rnd_4956,1.764541,23.172215,61.867192,4
4956,Rnd_4957,0.520655,0.615665,206.983661,7
4957,Rnd_4958,11.638212,2.258013,228.898097,7
4958,Rnd_4959,9.123021,7.392888,217.107414,7
4959,Rnd_4960,1.842874,-9.148904,364.831695,9
4960,Rnd_4961,-0.312084,-11.155988,437.764087,10
4961,Rnd_4962,-8.094473,5.581624,105.548845,5
4962,Rnd_4963,-12.307783,-7.040909,295.065396,8
4963,Rnd_4964,-2.340819,11.627264,106.511937,5
4964,Rnd_4965,16.327632,-0.431951,236.433762,7
4965,Rnd_4966,16.214838,24.433411,113.845428,5
4966,Rnd_4967,7.451855,-12.792263,549.011248,11
4967,Rnd_4968,7.800359,-21.230058,729.913204,12
4968,Rnd_4969,14.900171,13.716485,120.465151,5
4969,Rnd_4970,7.186582,-17.825407,681.224211,12
4970,Rnd_4971,12.921536,-6.080640,308.425225,8
4971,Rnd_4972,6.476467,-11.508127,456.014431,10
4972,Rnd_4973,2.630227,-9.994579,436.378278,10
4973,Rnd_4974,-9.524340,2.438271,153.481630,6
4974,Rnd_4975,3.662634,-13.540850,540.367872,11
4975,Rnd_4976,1.565179,-12.493598,317.923413,8
4976,Rnd_4977,5.721247,-14.111973,637.382601,12
4977,Rnd_4978,5.340664,-21.333554,718.275619,12
4978,Rnd_4979,3.847733,-20.824442,702.991589,12
4979,Rnd_4980,9.461517,-14.334085,656.407615,12
4980,Rnd_4981,3.579400,-14.519044,556.432780,11
4981,Rnd_4982,3.253187,-2.754558,270.029899,8
4982,Rnd_4983,16.542769,21.960919,154.779736,6
4983,Rnd_4984,1.888542,30.658935,62.773785,4
4984,Rnd_4985,1.818155,-10.753469,368.614851,9
4985,Rnd_4986,-22.876420,16.123950,99.914349,5
4986,Rnd_4987,-16.800797,23.129934,84.664021,5
4987,Rnd_4988,-12.234228,5.760620,151.751345,6
4988,Rnd_4989,1.098264,-12.444340,525.933898,11
4989,Rnd_4990,-13.652979,22.758287,50.137446,4
4990,Rnd_4991,-2.169072,8.264452,143.151389,6
4991,Rnd_4992,6.326165,-18.308287,684.263272,12
4992,Rnd_4993,18.146224,12.834219,161.906214,6
4993,Rnd_4994,-0.810522,-16.161355,482.925599,10
4994,Rnd_4995,-24.227874,6.568797,108.031925,5
4995,Rnd_4996,6.627096,-22.892927,653.141854,11
4996,Rnd_4997,7.301623,-19.809725,709.322295,12
4997,Rnd_4998,6.825281,-20.021225,709.117556,12
4998,Rnd_4999,8.902904,-19.316866,615.383872,11
4999,Rnd_5000,-3.957715,-18.617180,492.574075,10
5000,Diada_m2-fund,-11.225846,35.196811,3.296339,2
5001,Diada_M2-fund,-12.073289,34.892978,3.331401,2
5002,Diada_m3-fund,-10.732845,35.464391,2.925080,2
5003,Diada_M3-fund,-11.167274,35.449343,2.647960,2
5004,Diada_P4-fund,-11.538546,35.474166,2.210154,2
5005,Diada_TT-fund,-12.091989,35.237337,2.524077,2
5006,Diada_P5-fund,-11.266418,35.825996,1.424848,2
5007,Diada_m6-fund,-11.834458,35.435443,2.294591,2
5008,Diada_M6-fund,-11.243321,35.753226,1.894268,2
5009,Diada_m7-fund,-11.318283,35.711104,2.128437,2
5010,Diada_M7-fund,-11.965954,35.553089,2.050889,2
5011,Diada_P8-fund,-11.649676,36.037410,0.259132,2
5012,Maj-fund,-10.034221,34.542311,6.521474,3
5013,Maj-inv1,-10.791773,34.204593,7.051078,3
5014,Maj-inv2,-10.687661,34.562598,6.185628,3
5015,Min-fund,-9.963367,34.522969,6.643995,3
5016,Min-inv1,-10.606796,34.567365,6.258775,3
5017,Min-inv2,-10.959471,34.217306,6.843196,3
5018,Dim-fund,-10.980526,34.542212,8.011564,3
5019,Dim-inv1,-10.610719,34.320048,7.016080,3
5020,Dim-inv2,-10.883959,34.358231,6.650094,3
5021,Aug-fund,-11.338969,34.703620,7.127865,3
5022,Aug-inv1,-11.338969,34.703620,7.127865,3
5023,Aug-inv2,-11.338969,34.703620,7.127865,3
5024,sus2-fund,-11.550153,33.997755,6.708274,3
5025,sus2-inv1,-11.151441,35.069205,5.946093,3
5026,sus2-inv2,-11.471665,34.106667,6.442560,3
5027,sus4-fund,-11.471665,34.106667,6.442560,3
5028,sus4-inv1,-11.550153,33.997755,6.708274,3
5029,sus4-inv2,-11.151442,35.069205,5.946093,3
5030,Maj7-fund,-10.215597,33.971559,11.475596,4
5031,Maj7-inv1,-9.657652,32.128289,13.854772,4
5032,Maj7-inv2,-10.219875,33.323838,13.711816,4
5033,Maj7-inv3,-9.752386,32.060047,13.976975,4
5034,Min7-fund,-9.616481,34.031532,12.008742,4
5035,Min7-inv1,-9.906190,32.451202,12.744962,4
5036,Min7-inv2,-11.003523,32.790760,14.609760,4
5037,Min7-inv3,-10.033803,32.174430,13.403046,4
5038,Dom7-fund,-9.957785,33.242837,12.877130,4
5039,Dom7-inv1,-11.215837,32.108228,14.846789,4
5040,Dom7-inv2,-10.485366,31.693696,14.317517,4
5041,Dom7-inv3,-10.549743,31.991337,13.595258,4
5042,m7b5-fund,-10.046521,33.229953,13.229504,4
5043,m7b5-inv1,-10.242015,32.170277,13.347668,4
5044,m7b5-inv2,-10.640849,31.795619,13.922390,4
5045,m7b5-inv3,-11.264078,31.910851,15.154627,4
5046,dim7-fund,-10.585195,34.027917,14.334313,4
5047,dim7-inv1,-10.585195,34.027917,14.334313,4
5048,dim7-inv2,-10.585195,34.027917,14.334313,4
5049,dim7-inv3,-10.585195,34.027917,14.334313,4
5050,mM7-fund,-10.349357,33.239186,12.599259,4
5051,mM7-inv1,-10.438987,32.756255,13.799326,4
5052,mM7-inv2,-10.051613,32.350924,14.838151,4
5053,mM7-inv3,-9.668002,32.626189,14.536798,4
5054,Maj9-fund,-10.202404,32.825815,17.474775,5
5055,Maj9-inv1,-9.425920,30.441954,21.737332,5
5056,Maj9-inv2,-9.455653,30.835720,23.005562,5
5057,Maj9-inv3,-9.715556,30.228129,24.965172,5
5058,Maj9-inv4,-10.215940,31.328841,21.568556,5
5059,Dom9-fund,-10.196821,32.510276,18.755529,5
5060,Dom9-inv1,-10.304921,30.460468,22.582541,5
5061,Dom9-inv2,-10.108769,30.895651,23.456662,5
5062,Dom9-inv3,-10.385332,30.926822,23.982168,5
5063,Dom9-inv4,-10.235459,30.226216,23.379972,5
5064,Min9-fund,-10.034399,32.757806,18.036340,5
5065,Min9-inv1,-10.134034,31.666800,20.123672,5
5066,Min9-inv2,-9.753599,30.424726,24.221012,5
5067,Min9-inv3,-9.463544,30.604911,24.043848,5
5068,Min9-inv4,-9.427474,30.100816,22.619127,5
